"Date","Tesla_Volume","Tesla_Open","Tesla_High","Tesla_Low","Tesla_Close","Case..","Year","Country","State","Description","Deaths","Tesla.driver","Tesla.occupant","Other.vehicle","Cyclists.Peds","TSLA.cycl...peds","Model","Autopilot.claimed","Reported.in.NHTSA.SGO","Lucid_Volume","Lucid_Open","Lucid_High","Lucid_Low","Lucid_Close"
2023-11-03,119534800,221.15,226.3701,218.4,219.96,NA,NA,NA,NA,NA,NA,NA,NA,NA,NA,NA,NA,NA,NA,32179100,4.66,4.85,4.55,4.62
2023-11-02,125987600,212.97,219.2,211.45,218.51,NA,NA,NA,NA,NA,NA,NA,NA,NA,NA,NA,NA,NA,NA,47135750,4.13,4.615,4.12,4.54
2023-11-01,121661700,204.04,205.99,197.85,205.66,NA,NA,NA,NA,NA,NA,NA,NA,NA,NA,NA,NA,NA,NA,21911580,4.13,4.14,3.96,4.05
2023-10-31,118068300,196.12,202.8,194.07,200.84,NA,NA,NA,NA,NA,NA,NA,NA,NA,NA,NA,NA,NA,NA,20320210,4.065,4.175,4.04,4.12
2023-10-30,136448200,209.28,210.88,194.67,197.36,NA,NA,NA,NA,NA,NA,NA,NA,NA,NA,NA,NA,NA,NA,18462870,4.1,4.14,4,4.07
2023-10-27,94881170,210.6,212.41,205.77,207.3,NA,NA,NA,NA,NA,NA,NA,NA,NA,NA,NA,NA,NA,NA,16846280,4.11,4.17,4.01,4.04
2023-10-26,115112600,211.32,214.8,204.88,205.76,NA,NA,NA,NA,NA,NA,NA,NA,NA,NA,NA,NA,NA,NA,29818140,4.12,4.18,3.98,4.07
2023-10-25,107065100,215.88,220.1,212.2,212.42,NA,NA,NA,NA,NA,NA,NA,NA,NA,NA,NA,NA,NA,NA,21024020,4.21,4.33,4.17,4.17
2023-10-24,118231100,216.5,222.05,214.11,216.52,NA,NA,NA,NA,NA,NA,NA,NA,NA,NA,NA,NA,NA,NA,27605830,4.38,4.49,4.205,4.24
2023-10-23,150683400,210,216.98,202.51,212.08,NA,NA,NA,NA,NA,NA,NA,NA,NA,NA,NA,NA,NA,NA,26779360,4.24,4.47,4.14,4.34
2023-10-20,138010100,217.01,218.8606,210.42,211.99,NA,NA,NA,NA,NA,NA,NA,NA,NA,NA,NA,NA,NA,NA,27148830,4.33,4.44,4.25,4.28
2023-10-19,170772700,225.95,230.61,216.78,220.11,NA,NA,NA,NA,NA,NA,NA,NA,NA,NA,NA,NA,NA,NA,36199870,4.49,4.49,4.3,4.34
2023-10-18,125147800,252.7,254.63,242.08,242.68,NA,NA,NA,NA,NA,NA,NA,NA,NA,NA,NA,NA,NA,NA,59243690,4.94,4.98,4.51,4.53
2023-10-17,93562910,250.1,257.183,247.08,254.85,NA,NA,NA,NA,NA,NA,NA,NA,NA,NA,NA,NA,NA,NA,47744140,4.92,5.23,4.9,5
2023-10-16,88917180,250.05,255.3999,248.48,253.92,NA,NA,NA,NA,NA,NA,NA,NA,NA,NA,NA,NA,NA,NA,23163680,5.17,5.38,5.13,5.28
2023-10-13,102296800,258.9,259.6,250.22,251.12,368,2023,"USA","CA"," Tesla hits divider and tree, ignites ",2,1,1,0,0,2,NA,FALSE,NA,19609190,5.08,5.16,4.99,5.16
2023-10-12,111508100,262.92,265.41,256.6307,258.87,NA,NA,NA,NA,NA,NA,NA,NA,NA,NA,NA,NA,NA,NA,24527220,5.28,5.35,5.035,5.07
2023-10-11,103706300,266.2,268.6,260.9,262.99,NA,NA,NA,NA,NA,NA,NA,NA,NA,NA,NA,NA,NA,NA,25534940,5.38,5.48,5.23,5.34
2023-10-10,122656000,257.75,268.94,257.65,263.62,367,2023,"USA","MA","Tesla hits car making u-turn",1,0,0,1,0,0,NA,FALSE,NA,38610930,5.01,5.46,4.99,5.44
2023-10-09,101377900,255.31,261.36,252.05,259.67,NA,NA,NA,NA,NA,NA,NA,NA,NA,NA,NA,NA,NA,NA,32408470,5,5.14,4.87,5.03
2023-10-06,118121800,253.98,261.65,250.65,260.53,NA,NA,NA,NA,NA,NA,NA,NA,NA,NA,NA,NA,NA,NA,29056910,5.11,5.21,5.04,5.13
2023-10-05,119159200,260,263.6,256.25,260.05,NA,NA,NA,NA,NA,NA,NA,NA,NA,NA,NA,NA,NA,NA,43996930,5.48,5.4999,5.03,5.16
2023-10-04,129721600,248.14,261.86,247.6,261.16,NA,NA,NA,NA,NA,NA,NA,NA,NA,NA,NA,NA,NA,NA,20382180,5.46,5.58,5.35,5.56
2023-10-03,101985300,248.61,250.02,244.45,246.53,NA,NA,NA,NA,NA,NA,NA,NA,NA,NA,NA,NA,NA,NA,18246350,5.47,5.5,5.35,5.38
2023-10-02,123810400,244.81,254.2799,242.62,251.6,NA,NA,NA,NA,NA,NA,NA,NA,NA,NA,NA,NA,NA,NA,20221810,5.57,5.68,5.4633,5.54
2023-09-29,128522700,250,254.77,246.35,250.22,NA,NA,NA,NA,NA,NA,NA,NA,NA,NA,NA,NA,NA,NA,31028810,5.6,5.7,5.5,5.59
2023-09-28,117058900,240.02,247.55,238.65,246.38,NA,NA,NA,NA,NA,NA,NA,NA,NA,NA,NA,NA,NA,NA,25647160,5.46,5.615,5.34,5.53
2023-09-27,136597200,244.262,245.33,234.58,240.5,NA,NA,NA,NA,NA,NA,NA,NA,NA,NA,NA,NA,NA,NA,29318480,5.49,5.56,5.32,5.46
2023-09-26,101993600,242.98,249.55,241.6601,244.12,NA,NA,NA,NA,NA,NA,NA,NA,NA,NA,NA,NA,NA,NA,29840610,5.18,5.39,5.12,5.31
2023-09-25,104636600,243.38,247.1,238.31,246.99,NA,NA,NA,NA,NA,NA,NA,NA,NA,NA,NA,NA,NA,NA,24208450,5.14,5.19,4.97,5.13
2023-09-22,127524100,257.4,257.7888,244.48,244.88,NA,NA,NA,NA,NA,NA,NA,NA,NA,NA,NA,NA,NA,NA,28561230,5.25,5.33,5.07,5.11
2023-09-21,119951500,257.85,260.86,254.21,255.7,NA,NA,NA,NA,NA,NA,NA,NA,NA,NA,NA,NA,NA,NA,31892380,5.35,5.37,5.17,5.17
2023-09-20,122514600,267.04,273.93,262.4606,262.59,NA,NA,NA,NA,NA,NA,NA,NA,NA,NA,NA,NA,NA,NA,18801030,5.57,5.625,5.45,5.45
2023-09-19,103704000,264.35,267.85,261.2,266.5,NA,NA,NA,NA,NA,NA,NA,NA,NA,NA,NA,NA,NA,NA,27866710,5.65,5.67,5.44,5.5
2023-09-18,101543300,271.16,271.44,263.7601,265.28,NA,NA,NA,NA,NA,NA,NA,NA,NA,NA,NA,NA,NA,NA,27839530,5.87,5.9,5.61,5.64
2023-09-15,133692300,277.55,278.98,271,274.39,NA,NA,NA,NA,NA,NA,NA,NA,NA,NA,NA,NA,NA,NA,31355420,6.03,6.12,5.86,5.92
2023-09-14,107709800,271.32,276.7094,270.42,276.04,NA,NA,NA,NA,NA,NA,NA,NA,NA,NA,NA,NA,NA,NA,20299580,5.89,6.06,5.85,6.01
2023-09-13,111673700,270.07,274.98,268.1,271.3,NA,NA,NA,NA,NA,NA,NA,NA,NA,NA,NA,NA,NA,NA,12796500,5.89,5.9475,5.82,5.87
2023-09-12,135999900,270.76,278.39,266.6,267.48,NA,NA,NA,NA,NA,NA,NA,NA,NA,NA,NA,NA,NA,NA,21084240,5.83,6.02,5.74,5.91
2023-09-11,174667900,264.27,274.85,260.61,273.58,NA,NA,NA,NA,NA,NA,NA,NA,NA,NA,NA,NA,NA,NA,31971510,5.93,6.02,5.635,5.84
2023-09-08,118559600,251.22,256.52,246.67,248.5,NA,NA,NA,NA,NA,NA,NA,NA,NA,NA,NA,NA,NA,NA,25583940,5.99,6,5.8,5.84
2023-09-07,115312900,245.07,252.81,243.265,251.49,NA,NA,NA,NA,NA,NA,NA,NA,NA,NA,NA,NA,NA,NA,20888810,6.03,6.06,5.92,6
2023-09-06,116959800,255.135,255.39,245.06,251.92,NA,NA,NA,NA,NA,NA,NA,NA,NA,NA,NA,NA,NA,NA,22673520,6.28,6.375,6.05,6.14
2023-09-05,129469600,245,258,244.86,256.49,NA,NA,NA,NA,NA,NA,NA,NA,NA,NA,NA,NA,NA,NA,23261060,6.29,6.45,6.22,6.3
2023-09-01,132541600,257.26,259.0794,242.01,245.01,NA,NA,NA,NA,NA,NA,NA,NA,NA,NA,NA,NA,NA,NA,20524740,6.29,6.41,6.185,6.36
2023-08-31,108861700,255.98,261.18,255.05,258.08,NA,NA,NA,NA,NA,NA,NA,NA,NA,NA,NA,NA,NA,NA,26180250,6.41,6.42,6.15,6.28
2023-08-30,121988400,254.2,260.51,250.59,256.9,NA,NA,NA,NA,NA,NA,NA,NA,NA,NA,NA,NA,NA,NA,16113030,6.25,6.41,6.22,6.36
2023-08-29,134047600,238.58,257.48,237.77,257.18,NA,NA,NA,NA,NA,NA,NA,NA,NA,NA,NA,NA,NA,NA,24580010,6.13,6.435,6.04,6.33
2023-08-28,107673700,242.58,244.38,235.35,238.82,NA,NA,NA,NA,NA,NA,NA,NA,NA,NA,NA,NA,NA,NA,20720420,6.07,6.195,5.98,6.15
2023-08-25,106612200,231.31,239,230.35,238.59,NA,NA,NA,NA,NA,NA,NA,NA,NA,NA,NA,NA,NA,NA,25687590,5.89,6.06,5.82,6.02
2023-08-24,99777430,238.66,238.92,228.1801,230.04,NA,NA,NA,NA,NA,NA,NA,NA,NA,NA,NA,NA,NA,NA,32398750,6.09,6.105,5.8,5.86
2023-08-23,101077600,229.34,238.98,229.29,236.86,NA,NA,NA,NA,NA,NA,NA,NA,NA,NA,NA,NA,NA,NA,26033530,6.03,6.2,6,6.07
2023-08-22,130597900,240.25,240.82,229.55,233.19,NA,NA,NA,NA,NA,NA,NA,NA,NA,NA,NA,NA,NA,NA,29256220,6.245,6.31,5.97,6.07
2023-08-21,135702700,221.5512,232.1343,220.58,231.28,NA,NA,NA,NA,NA,NA,NA,NA,NA,NA,NA,NA,NA,NA,19787930,6.22,6.36,6.16,6.26
2023-08-18,136276600,214.12,217.58,212.36,215.49,NA,NA,NA,NA,NA,NA,NA,NA,NA,NA,NA,NA,NA,NA,22508310,6.1,6.24,6.05,6.18
2023-08-17,120718400,226.06,226.74,218.83,219.22,NA,NA,NA,NA,NA,NA,NA,NA,NA,NA,NA,NA,NA,NA,25743510,6.38,6.48,6.225,6.23
2023-08-16,112484500,228.02,233.97,225.38,225.6,NA,NA,NA,NA,NA,NA,NA,NA,NA,NA,NA,NA,NA,NA,26138790,6.36,6.45,6.25,6.34
2023-08-15,88197600,238.73,240.5,232.61,232.96,NA,NA,NA,NA,NA,NA,NA,NA,NA,NA,NA,NA,NA,NA,30110490,6.7,6.8,6.35,6.41
2023-08-14,98595330,235.7,240.66,233.75,239.76,NA,NA,NA,NA,NA,NA,NA,NA,NA,NA,NA,NA,NA,NA,25870230,6.54,6.78,6.39,6.77
2023-08-11,99038640,241.77,243.79,238.02,242.65,NA,NA,NA,NA,NA,NA,NA,NA,NA,NA,NA,NA,NA,NA,26917750,6.59,6.7165,6.49,6.64
2023-08-10,109498600,245.4,251.8,243,245.34,NA,NA,NA,NA,NA,NA,NA,NA,NA,NA,NA,NA,NA,NA,44069470,7.185,7.2,6.71,6.78
2023-08-09,101596300,250.87,251.1,241.9,242.19,NA,NA,NA,NA,NA,NA,NA,NA,NA,NA,NA,NA,NA,NA,52187300,6.98,7.295,6.78,7.08
2023-08-08,96642180,247.45,250.92,245.01,249.7,NA,NA,NA,NA,NA,NA,NA,NA,NA,NA,NA,NA,NA,NA,89780000,6.415,7.24,6.2,7.19
2023-08-07,111097900,251.45,253.6511,242.76,251.45,NA,NA,NA,NA,NA,NA,NA,NA,NA,NA,NA,NA,NA,NA,56650140,6.7,6.71,6.18,6.41
2023-08-04,99539910,260.97,264.77,253.11,253.86,NA,NA,NA,NA,NA,NA,NA,NA,NA,NA,NA,NA,NA,NA,33869970,6.95,6.955,6.61,6.62
2023-08-03,97829550,252.04,260.49,252,259.32,NA,NA,NA,NA,NA,NA,NA,NA,NA,NA,NA,NA,NA,NA,25643190,6.84,7.03,6.82,6.89
2023-08-02,101752900,255.57,259.52,250.49,254.11,NA,NA,NA,NA,NA,NA,NA,NA,NA,NA,NA,NA,NA,NA,45789040,7.05,7.09,6.7401,6.89
2023-08-01,83645720,266.26,266.47,260.25,261.07,NA,NA,NA,NA,NA,NA,NA,NA,NA,NA,NA,NA,NA,NA,38156790,7.465,7.465,7.16,7.27
2023-07-31,84582170,267.48,269.08,263.78,267.43,NA,NA,NA,NA,NA,NA,NA,NA,NA,NA,NA,NA,NA,NA,47025160,7.54,7.75,7.41,7.61
2023-07-28,111446000,259.86,267.25,258.2312,266.44,NA,NA,NA,NA,NA,NA,NA,NA,NA,NA,NA,NA,NA,NA,68241070,7.06,7.54,6.985,7.47
2023-07-27,103697300,268.31,269.13,255.3,255.71,NA,NA,NA,NA,NA,NA,NA,NA,NA,NA,NA,NA,NA,NA,42823600,7.25,7.45,6.87,6.89
2023-07-26,95856180,263.25,268.04,261.75,264.35,NA,NA,NA,NA,NA,NA,NA,NA,NA,NA,NA,NA,NA,NA,44303350,6.87,7.29,6.86,7.17
2023-07-25,112757300,272.38,272.9,265,265.28,NA,NA,NA,NA,NA,NA,NA,NA,NA,NA,NA,NA,NA,NA,33519450,7.22,7.28,6.83,6.84
2023-07-24,137005000,255.85,269.85,254.12,269.06,NA,NA,NA,NA,NA,NA,NA,NA,NA,NA,NA,NA,NA,NA,41743050,6.9,7.26,6.82,7.17
2023-07-21,161796100,268,268,255.8,260.02,NA,NA,NA,NA,NA,NA,NA,NA,NA,NA,NA,NA,NA,NA,87169000,7.07,7.15,6.67,6.87
2023-07-20,175158300,279.56,280.93,261.2,262.9,NA,NA,NA,NA,NA,NA,NA,NA,NA,NA,NA,NA,NA,NA,47132100,7.165,7.165,6.83,6.92
2023-07-19,142355400,296.04,299.29,289.5201,291.26,NA,NA,NA,NA,NA,NA,NA,NA,NA,NA,NA,NA,NA,NA,66654790,7.14,7.695,7.13,7.25
2023-07-18,112434700,290.15,295.26,286.01,293.34,NA,NA,NA,NA,NA,NA,NA,NA,NA,NA,NA,NA,NA,NA,38237780,7.04,7.28,6.94,7.04
2023-07-17,131569600,286.625,292.23,283.57,290.38,NA,NA,NA,NA,NA,NA,NA,NA,NA,NA,NA,NA,NA,NA,42128670,6.77,7.11,6.6,7.03
2023-07-14,120062400,277.01,285.3,276.31,281.38,NA,NA,NA,NA,NA,NA,NA,NA,NA,NA,NA,NA,NA,NA,55472100,7.13,7.2,6.67,6.7
2023-07-13,112681500,274.59,279.45,270.6,277.9,NA,NA,NA,NA,NA,NA,NA,NA,NA,NA,NA,NA,NA,NA,50570490,7.17,7.42,7.1,7.12
2023-07-12,95672140,276.325,276.52,271.46,271.99,NA,NA,NA,NA,NA,NA,NA,NA,NA,NA,NA,NA,NA,NA,122623200,7.74,7.89,7.08,7.16
2023-07-11,91972360,268.65,270.9,266.37,269.79,NA,NA,NA,NA,NA,NA,NA,NA,NA,NA,NA,NA,NA,NA,57013660,8,8.37,7.87,8.12
2023-07-10,119425400,276.47,277.52,265.1,269.61,NA,NA,NA,NA,NA,NA,NA,NA,NA,NA,NA,NA,NA,NA,65947530,7.64,7.97,7.24,7.93
2023-07-07,113879200,278.43,280.78,273.77,274.43,NA,NA,NA,NA,NA,NA,NA,NA,NA,NA,NA,NA,NA,NA,75916190,7.1,7.73,7.08,7.45
2023-07-06,120707400,278.09,279.97,272.88,276.54,NA,NA,NA,NA,NA,NA,NA,NA,NA,NA,NA,NA,NA,NA,45047090,7.22,7.2787,6.86,7.08
2023-07-05,131530900,278.82,283.85,277.6,282.48,NA,NA,NA,NA,NA,NA,NA,NA,NA,NA,NA,NA,NA,NA,53576830,7.41,7.53,7.15,7.41
2023-07-03,118999000,276.49,284.25,275.11,279.82,NA,NA,NA,NA,NA,NA,NA,NA,NA,NA,NA,NA,NA,NA,53103150,7.06,7.44,7,7.39
2023-06-30,112620800,260.6,264.45,259.89,261.77,NA,NA,NA,NA,NA,NA,NA,NA,NA,NA,NA,NA,NA,NA,73348890,7.02,7.18,6.64,6.89
2023-06-29,131283400,258.03,260.74,253.61,257.5,NA,NA,NA,NA,NA,NA,NA,NA,NA,NA,NA,NA,NA,NA,72430490,6.475,6.94,6.41,6.88
2023-06-28,159770800,249.7,259.88,248.89,256.24,NA,NA,NA,NA,NA,NA,NA,NA,NA,NA,NA,NA,NA,NA,68546350,6.09,6.54,6.03,6.42
2023-06-27,164968200,243.24,250.3899,240.85,250.21,NA,NA,NA,NA,NA,NA,NA,NA,NA,NA,NA,NA,NA,NA,74181420,5.79,6.15,5.56,6.1
2023-06-26,179990600,250.065,258.37,240.7,241.05,NA,NA,NA,NA,NA,NA,NA,NA,NA,NA,NA,NA,NA,NA,108379600,6.01,6.28,5.55,5.55
2023-06-23,177460800,259.29,262.45,252.8,256.6,NA,NA,NA,NA,NA,NA,NA,NA,NA,NA,NA,NA,NA,NA,62252560,5.65,5.75,5.46,5.47
2023-06-22,166875900,250.77,265,248.25,264.61,NA,NA,NA,NA,NA,NA,NA,NA,NA,NA,NA,NA,NA,NA,47898070,6.07,6.08,5.72,5.73
2023-06-21,211797100,275.13,276.99,257.78,259.46,NA,NA,NA,NA,NA,NA,NA,NA,NA,NA,NA,NA,NA,NA,49954060,6.3,6.31,6,6.05
2023-06-20,165611200,261.5,274.75,261.12,274.45,NA,NA,NA,NA,NA,NA,NA,NA,NA,NA,NA,NA,NA,NA,32733090,6.53,6.58,6.26,6.32
2023-06-16,167915600,258.92,263.6,257.2091,260.54,NA,NA,NA,NA,NA,NA,NA,NA,NA,NA,NA,NA,NA,NA,45154400,6.61,6.76,6.44,6.48
2023-06-15,160171200,248.4,258.95,247.29,255.9,NA,NA,NA,NA,NA,NA,NA,NA,NA,NA,NA,NA,NA,NA,41955520,6.39,6.75,6.33,6.59
2023-06-14,170575500,260.17,261.57,250.5,256.79,NA,NA,NA,NA,NA,NA,NA,NA,NA,NA,NA,NA,NA,NA,37444350,6.61,6.655,6.34,6.4
2023-06-13,162384300,253.51,259.68,251.34,258.71,NA,NA,NA,NA,NA,NA,NA,NA,NA,NA,NA,NA,NA,NA,64473520,6.37,6.66,6.23,6.55
2023-06-12,150740500,247.94,250.97,244.59,249.83,NA,NA,NA,NA,NA,NA,NA,NA,NA,NA,NA,NA,NA,NA,38628920,6.31,6.52,6.23,6.27
2023-06-09,200242400,249.07,252.42,242.02,244.4,NA,NA,NA,NA,NA,NA,NA,NA,NA,NA,NA,NA,NA,NA,35958630,6.35,6.4,6.13,6.21
2023-06-08,164489700,224.22,235.23,223.01,234.86,NA,NA,NA,NA,NA,NA,NA,NA,NA,NA,NA,NA,NA,NA,50227960,6.63,6.7,6.26,6.28
2023-06-07,185710800,228,230.8296,223.2,224.57,NA,NA,NA,NA,NA,NA,NA,NA,NA,NA,NA,NA,NA,NA,46769220,6.9,6.925,6.4,6.4
2023-06-06,146911600,216.14,221.91,212.53,221.31,NA,NA,NA,NA,NA,NA,NA,NA,NA,NA,NA,NA,NA,NA,43033000,6.55,6.91,6.5331,6.9
2023-06-05,151143100,217.8,221.29,214.52,217.61,NA,NA,NA,NA,NA,NA,NA,NA,NA,NA,NA,NA,NA,NA,35903300,6.59,6.61,6.33,6.59
2023-06-02,164398400,210.15,217.25,209.752,213.97,NA,NA,NA,NA,NA,NA,NA,NA,NA,NA,NA,NA,NA,NA,52420590,6.55,6.61,6.39,6.6
2023-06-01,148029900,202.59,209.8,199.37,207.52,NA,NA,NA,NA,NA,NA,NA,NA,NA,NA,NA,NA,NA,NA,161052800,6.78,6.82,6.2,6.5
2023-05-31,150711700,199.78,203.95,195.12,203.93,NA,NA,NA,NA,NA,NA,NA,NA,NA,NA,NA,NA,NA,NA,32478060,7.67,7.81,7.49,7.76
2023-05-30,128818700,200.1,204.48,197.53,201.16,NA,NA,NA,NA,NA,NA,NA,NA,NA,NA,NA,NA,NA,NA,13985950,7.95,8.095,7.63,7.71
2023-05-26,162061500,184.62,198.6,184.53,193.17,NA,NA,NA,NA,NA,NA,NA,NA,NA,NA,NA,NA,NA,NA,14524840,7.59,7.99,7.52,7.87
2023-05-25,96870720,186.54,186.78,180.58,184.47,NA,NA,NA,NA,NA,NA,NA,NA,NA,NA,NA,NA,NA,NA,11171050,7.46,7.665,7.38,7.61
2023-05-24,137605100,182.23,184.22,178.22,182.9,NA,NA,NA,NA,NA,NA,NA,NA,NA,NA,NA,NA,NA,NA,8218913,7.46,7.54,7.3,7.49
2023-05-23,156952100,186.2,192.96,185.26,185.77,NA,NA,NA,NA,NA,NA,NA,NA,NA,NA,NA,NA,NA,NA,14970190,7.521,7.94,7.5,7.55
2023-05-22,132001400,180.7,189.32,180.11,188.87,NA,NA,NA,NA,NA,NA,NA,NA,NA,NA,NA,NA,NA,NA,17459580,7.2,7.7584,7.07,7.65
2023-05-19,136196700,177.17,181.95,176.31,180.14,NA,NA,NA,NA,NA,NA,NA,NA,NA,NA,NA,NA,NA,NA,14377180,7.28,7.51,7.13,7.18
2023-05-18,109520300,174.22,177.06,172.45,176.89,NA,NA,NA,NA,NA,NA,NA,NA,NA,NA,NA,NA,NA,NA,10090260,7.17,7.29,7.11,7.29
2023-05-17,125473600,168.41,174.5,167.185,173.86,NA,NA,NA,NA,NA,NA,NA,NA,NA,NA,NA,NA,NA,NA,12650940,7.03,7.24,6.93,7.23
2023-05-16,98288790,165.65,169.5184,164.35,166.52,NA,NA,NA,NA,NA,NA,NA,NA,NA,NA,NA,NA,NA,NA,11197060,7.1,7.18,6.97,6.98
2023-05-15,105592500,167.655,169.76,164.5499,166.35,NA,NA,NA,NA,NA,NA,NA,NA,NA,NA,NA,NA,NA,NA,11608800,7.08,7.19,6.9522,7.17
2023-05-12,157849600,176.07,177.38,167.23,167.98,NA,NA,NA,NA,NA,NA,NA,NA,NA,NA,NA,NA,NA,NA,14059390,7.09,7.1778,6.89,7.04
2023-05-11,103889900,168.7,173.57,166.79,172.08,NA,NA,NA,NA,NA,NA,NA,NA,NA,NA,NA,NA,NA,NA,15402340,7.16,7.29,6.95,7.06
2023-05-10,119840700,172.55,174.43,166.68,168.54,NA,NA,NA,NA,NA,NA,NA,NA,NA,NA,NA,NA,NA,NA,18580450,7.365,7.46,7.15,7.16
2023-05-09,88965040,168.95,169.82,166.56,169.15,NA,NA,NA,NA,NA,NA,NA,NA,NA,NA,NA,NA,NA,NA,29222520,6.91,7.35,6.85,7.28
2023-05-08,112249400,173.72,173.8,169.19,171.79,NA,NA,NA,NA,NA,NA,NA,NA,NA,NA,NA,NA,NA,NA,29869420,7.75,7.7999,7.26,7.71
2023-05-05,107607300,163.97,170.7899,163.51,170.06,NA,NA,NA,NA,NA,NA,NA,NA,NA,NA,NA,NA,NA,NA,16529200,7.5,7.82,7.46,7.73
2023-05-04,95108490,162.71,162.95,159.65,161.2,NA,NA,NA,NA,NA,NA,NA,NA,NA,NA,NA,NA,NA,NA,9703702,7.465,7.54,7.255,7.38
2023-05-03,119728000,160.01,165,159.91,160.61,NA,NA,NA,NA,NA,NA,NA,NA,NA,NA,NA,NA,NA,NA,12392100,7.27,7.65,7.205,7.41
2023-05-02,128259700,161.88,165.49,158.93,160.31,NA,NA,NA,NA,NA,NA,NA,NA,NA,NA,NA,NA,NA,NA,13079610,7.36,7.43,7.1,7.27
2023-05-01,109015000,163.17,163.28,158.83,161.83,NA,NA,NA,NA,NA,NA,NA,NA,NA,NA,NA,NA,NA,NA,15072520,7.94,7.94,7.29,7.32
2023-04-28,122515800,160.9,165,157.32,164.31,NA,NA,NA,NA,NA,NA,NA,NA,NA,NA,NA,NA,NA,NA,15816380,7.95,8.07,7.7491,7.94
2023-04-27,127015200,152.64,160.48,152.37,160.19,NA,NA,NA,NA,NA,NA,NA,NA,NA,NA,NA,NA,NA,NA,33947140,7.34,8.28,7.33,8.17
2023-04-26,153364100,160.29,160.67,153.14,153.75,NA,NA,NA,NA,NA,NA,NA,NA,NA,NA,NA,NA,NA,NA,33362520,6.84,7.84,6.73,7.22
2023-04-25,121999300,159.82,163.47,158.75,160.67,NA,NA,NA,NA,NA,NA,NA,NA,NA,NA,NA,NA,NA,NA,17767670,6.91,6.9601,6.635,6.74
2023-04-24,140006600,164.65,165.65,158.61,162.55,NA,NA,NA,NA,NA,NA,NA,NA,NA,NA,NA,NA,NA,NA,10872320,7.04,7.22,6.96,7
2023-04-21,123539000,164.8,166,161.3208,165.08,NA,NA,NA,NA,NA,NA,NA,NA,NA,NA,NA,NA,NA,NA,13171860,7.13,7.13,6.86,7.03
2023-04-20,210970800,166.165,169.7,160.56,162.99,NA,NA,NA,NA,NA,NA,NA,NA,NA,NA,NA,NA,NA,NA,22642290,7.331,7.53,7.0312,7.07
2023-04-19,125732700,179.1,183.5,177.65,180.59,NA,NA,NA,NA,NA,NA,NA,NA,NA,NA,NA,NA,NA,NA,16219460,7.65,7.7,7.48,7.62
2023-04-18,92067020,187.15,187.69,183.5775,184.31,NA,NA,NA,NA,NA,NA,NA,NA,NA,NA,NA,NA,NA,NA,10167370,8.02,8.08,7.75,7.83
2023-04-17,116662200,186.32,189.69,182.69,187.04,NA,NA,NA,NA,NA,NA,NA,NA,NA,NA,NA,NA,NA,NA,13650510,7.73,7.965,7.585,7.95
2023-04-14,96438660,183.95,186.28,182.01,185,NA,NA,NA,NA,NA,NA,NA,NA,NA,NA,NA,NA,NA,NA,30486230,7.67,7.765,7.45,7.73
2023-04-13,112933000,182.955,186.5,180.94,185.9,NA,NA,NA,NA,NA,NA,NA,NA,NA,NA,NA,NA,NA,NA,10570560,8.17,8.38,8.16,8.25
2023-04-12,150256300,190.74,191.5846,180.31,180.54,NA,NA,NA,NA,NA,NA,NA,NA,NA,NA,NA,NA,NA,NA,14102280,8.64,8.87,8.06,8.13
2023-04-11,115770900,186.69,189.19,185.6475,186.79,NA,NA,NA,NA,NA,NA,NA,NA,NA,NA,NA,NA,NA,NA,20643700,8.08,8.685,8.06,8.46
2023-04-10,142154600,179.94,185.1,176.11,184.51,NA,NA,NA,NA,NA,NA,NA,NA,NA,NA,NA,NA,NA,NA,11520890,7.6,8.07,7.43,8.03
2023-04-06,123857900,183.08,186.39,179.74,185.06,NA,NA,NA,NA,NA,NA,NA,NA,NA,NA,NA,NA,NA,NA,8154591,7.63,7.87,7.481,7.7
2023-04-05,133882500,190.515,190.68,183.76,185.52,NA,NA,NA,NA,NA,NA,NA,NA,NA,NA,NA,NA,NA,NA,10999820,7.78,7.79,7.52,7.7
2023-04-04,126463800,197.32,198.7446,190.32,192.58,NA,NA,NA,NA,NA,NA,NA,NA,NA,NA,NA,NA,NA,NA,11125780,7.93,8,7.65,7.9
2023-04-03,169545900,199.91,202.6897,192.2,194.77,NA,NA,NA,NA,NA,NA,NA,NA,NA,NA,NA,NA,NA,NA,12010140,7.95,8.0579,7.645,7.9
2023-03-31,170222100,197.53,207.79,197.2,207.46,NA,NA,NA,NA,NA,NA,NA,NA,NA,NA,NA,NA,NA,NA,19553550,7.68,8.2,7.565,8.04
2023-03-30,110252200,195.58,197.33,194.42,195.28,NA,NA,NA,NA,NA,NA,NA,NA,NA,NA,NA,NA,NA,NA,11085730,7.77,7.88,7.6,7.62
2023-03-29,123660000,193.13,195.29,189.44,193.88,NA,NA,NA,NA,NA,NA,NA,NA,NA,NA,NA,NA,NA,NA,30158050,7.65,7.73,7.17,7.7
2023-03-28,98654640,192,192.35,185.43,189.19,NA,NA,NA,NA,NA,NA,NA,NA,NA,NA,NA,NA,NA,NA,20200220,8.11,8.2392,7.41,7.55
2023-03-27,120851600,194.415,197.39,189.94,191.81,NA,NA,NA,NA,NA,NA,NA,NA,NA,NA,NA,NA,NA,NA,11530790,8.3,8.3,8.09,8.14
2023-03-24,116531600,191.65,192.36,187.15,190.41,NA,NA,NA,NA,NA,NA,NA,NA,NA,NA,NA,NA,NA,NA,8245412,8.02,8.31,7.985,8.19
2023-03-23,144193900,195.26,199.31,188.65,192.22,NA,NA,NA,NA,NA,NA,NA,NA,NA,NA,NA,NA,NA,NA,12067330,8.105,8.295,8.01,8.19
2023-03-22,150376400,199.3,200.66,190.95,191.15,NA,NA,NA,NA,NA,NA,NA,NA,NA,NA,NA,NA,NA,NA,15098630,8.2,8.315,7.9,7.93
2023-03-21,153391400,188.28,198,188.04,197.58,NA,NA,NA,NA,NA,NA,NA,NA,NA,NA,NA,NA,NA,NA,17486420,7.85,8.31,7.805,8.19
2023-03-20,129684400,178.08,186.44,176.35,183.25,NA,NA,NA,NA,NA,NA,NA,NA,NA,NA,NA,NA,NA,NA,13236020,7.46,7.83,7.28,7.7
2023-03-17,133197100,184.515,186.2199,177.33,180.13,NA,NA,NA,NA,NA,NA,NA,NA,NA,NA,NA,NA,NA,NA,28236490,7.68,7.8392,7.37,7.69
2023-03-16,121374500,180.365,185.81,178.84,184.13,NA,NA,NA,NA,NA,NA,NA,NA,NA,NA,NA,NA,NA,NA,17219670,7.37,7.87,7.33,7.83
2023-03-15,145995600,180.8,182.34,176.03,180.45,NA,NA,NA,NA,NA,NA,NA,NA,NA,NA,NA,NA,NA,NA,17736160,7.35,7.53,7.23,7.4
2023-03-14,143717900,177.31,183.8,177.1401,183.26,NA,NA,NA,NA,NA,NA,NA,NA,NA,NA,NA,NA,NA,NA,18241250,7.92,8.03,7.49,7.54
2023-03-13,167790300,167.455,177.35,163.91,174.48,NA,NA,NA,NA,NA,NA,NA,NA,NA,NA,NA,NA,NA,NA,17990520,7.58,7.945,7.33,7.84
2023-03-10,191488900,175.13,178.29,168.44,173.44,NA,NA,NA,NA,NA,NA,NA,NA,NA,NA,NA,NA,NA,NA,16763400,8.015,8.23,7.69,7.87
2023-03-09,170023800,180.25,185.18,172.5124,172.92,NA,NA,NA,NA,NA,NA,NA,NA,NA,NA,NA,NA,NA,NA,19967860,8.25,8.338,7.97,8
2023-03-08,151897800,185.04,186.5,180,182,NA,NA,NA,NA,NA,NA,NA,NA,NA,NA,NA,NA,NA,NA,10208020,8.24,8.44,8.151,8.34
2023-03-07,148125800,191.38,194.2,186.1,187.71,NA,NA,NA,NA,NA,NA,NA,NA,NA,NA,NA,NA,NA,NA,17533470,8.7,8.71,8.27,8.31
2023-03-06,128100100,198.54,198.6,192.3,193.81,NA,NA,NA,NA,NA,NA,NA,NA,NA,NA,NA,NA,NA,NA,13876560,9,9.18,8.815,8.82
2023-03-03,154193300,194.795,200.48,192.88,197.79,NA,NA,NA,NA,NA,NA,NA,NA,NA,NA,NA,NA,NA,NA,19535310,8.67,9.095,8.63,8.94
2023-03-02,181979200,186.74,193.7499,186.01,190.9,NA,NA,NA,NA,NA,NA,NA,NA,NA,NA,NA,NA,NA,NA,16345230,8.39,8.63,8.13,8.53
2023-03-01,156852800,206.21,207.2,198.52,202.77,NA,NA,NA,NA,NA,NA,NA,NA,NA,NA,NA,NA,NA,NA,22734910,8.97,9.06,8.35,8.62
2023-02-28,153144900,210.59,211.23,203.75,205.71,NA,NA,NA,NA,NA,NA,NA,NA,NA,NA,NA,NA,NA,NA,23496100,8.715,9.26,8.715,9.13
2023-02-27,161028300,202.03,209.42,201.26,207.63,NA,NA,NA,NA,NA,NA,NA,NA,NA,NA,NA,NA,NA,NA,17714650,8.5,8.85,8.415,8.76
2023-02-24,142228100,196.325,197.6695,192.8,196.88,NA,NA,NA,NA,NA,NA,NA,NA,NA,NA,NA,NA,NA,NA,27562640,8.38,8.55,8.17,8.51
2023-02-23,146360000,203.91,205.14,196.33,202.07,NA,NA,NA,NA,NA,NA,NA,NA,NA,NA,NA,NA,NA,NA,66382650,8.63,8.89,8.1,8.79
2023-02-22,191828500,197.93,201.99,191.78,200.86,NA,NA,NA,NA,NA,NA,NA,NA,NA,NA,NA,NA,NA,NA,26981540,10.04,10.22,9.8215,9.98
2023-02-21,180018600,204.99,209.71,197.22,197.37,NA,NA,NA,NA,NA,NA,NA,NA,NA,NA,NA,NA,NA,NA,23461550,10.74,10.74,9.81,9.9
2023-02-17,213738500,199.985,208.44,197.5,208.31,NA,NA,NA,NA,NA,NA,NA,NA,NA,NA,NA,NA,NA,NA,15798420,10.585,10.95,10.35,10.93
2023-02-16,229586500,210.78,217.65,201.84,202.04,NA,NA,NA,NA,NA,NA,NA,NA,NA,NA,NA,NA,NA,NA,22168080,11,11.2665,10.62,10.63
2023-02-15,182108600,211.755,214.66,206.11,214.24,NA,NA,NA,NA,NA,NA,NA,NA,NA,NA,NA,NA,NA,NA,23359200,10.28,11.07,10.1,11.01
2023-02-14,216455700,191.94,209.82,189.44,209.25,NA,NA,NA,NA,NA,NA,NA,NA,NA,NA,NA,NA,NA,NA,17868230,10.01,10.44,9.83,10.33
2023-02-13,172475500,194.415,196.3,187.61,194.64,NA,NA,NA,NA,NA,NA,NA,NA,NA,NA,NA,NA,NA,NA,14305170,9.96,10.23,9.6352,10.2
2023-02-10,204754100,202.225,206.2,192.89,196.89,NA,NA,NA,NA,NA,NA,NA,NA,NA,NA,NA,NA,NA,NA,23229200,10.46,10.46,9.74,10.03
2023-02-09,215431400,207.775,214,204.77,207.32,NA,NA,NA,NA,NA,NA,NA,NA,NA,NA,NA,NA,NA,NA,33517890,11.72,11.72,10.2,10.31
2023-02-08,180673600,196.1,203,194.31,201.29,NA,NA,NA,NA,NA,NA,NA,NA,NA,NA,NA,NA,NA,NA,21528950,11.46,12.15,11.4,11.53
2023-02-07,186010300,196.43,197.5,189.55,196.81,NA,NA,NA,NA,NA,NA,NA,NA,NA,NA,NA,NA,NA,NA,29247180,11.81,11.88,11.11,11.57
2023-02-06,186188100,193.01,198.17,189.92,194.76,NA,NA,NA,NA,NA,NA,NA,NA,NA,NA,NA,NA,NA,NA,26373700,11.68,12.13,11.6,11.96
2023-02-03,232662000,183.95,199,183.69,189.98,NA,NA,NA,NA,NA,NA,NA,NA,NA,NA,NA,NA,NA,NA,30090770,11.7,12.65,11.44,11.62
2023-02-02,217448300,187.325,196.7501,182.61,188.27,NA,NA,NA,NA,NA,NA,NA,NA,NA,NA,NA,NA,NA,NA,71458690,12.2,13.04,11.86,12.07
2023-02-01,213806300,173.89,183.805,169.93,181.41,NA,NA,NA,NA,NA,NA,NA,NA,NA,NA,NA,NA,NA,NA,42035370,11.52,12.14,11.08,11.845
2023-01-31,196813500,164.57,174.3,162.78,173.22,NA,NA,NA,NA,NA,NA,NA,NA,NA,NA,NA,NA,NA,NA,50844450,11.53,12.25,11.24,11.69
2023-01-30,230878800,178.05,179.77,166.5,166.66,NA,NA,NA,NA,NA,NA,NA,NA,NA,NA,NA,NA,NA,NA,114340300,13.03,13.08,11.58,11.75
2023-01-27,306590600,162.43,180.68,161.17,177.9,NA,NA,NA,NA,NA,NA,NA,NA,NA,NA,NA,NA,NA,NA,208145200,8.99,17.81,8.91,12.87
2023-01-26,234815100,159.965,161.42,154.76,160.27,NA,NA,NA,NA,NA,NA,NA,NA,NA,NA,NA,NA,NA,NA,26298940,9.3,9.3793,8.62,9
2023-01-25,192734300,141.905,146.41,138.07,144.43,NA,NA,NA,NA,NA,NA,NA,NA,NA,NA,NA,NA,NA,NA,22676470,8.32,8.88,8.21,8.87
2023-01-24,158699100,143,146.5,141.1,143.89,NA,NA,NA,NA,NA,NA,NA,NA,NA,NA,NA,NA,NA,NA,25868850,8.64,9.06,8.52,8.6
2023-01-23,203119200,135.87,145.3793,134.27,143.75,NA,NA,NA,NA,NA,NA,NA,NA,NA,NA,NA,NA,NA,NA,37913500,8,8.895,7.985,8.82
2023-01-20,138858100,128.68,133.51,127.3466,133.42,NA,NA,NA,NA,NA,NA,NA,NA,NA,NA,NA,NA,NA,NA,20804180,7.48,7.82,7.425,7.82
2023-01-19,170291900,127.26,129.99,124.3082,127.17,NA,NA,NA,NA,NA,NA,NA,NA,NA,NA,NA,NA,NA,NA,29192200,8.01,8.0743,7.4,7.45
2023-01-18,195680300,136.555,136.68,127.01,128.78,NA,NA,NA,NA,NA,NA,NA,NA,NA,NA,NA,NA,NA,NA,24861750,8.19,8.34,7.86,8.16
2023-01-17,186477000,125.695,131.7,125.02,131.49,NA,NA,NA,NA,NA,NA,NA,NA,NA,NA,NA,NA,NA,NA,21989980,8.16,8.32,7.915,8.05
2023-01-13,180714100,116.55,122.63,115.6,122.4,NA,NA,NA,NA,NA,NA,NA,NA,NA,NA,NA,NA,NA,NA,29230430,7.952,8.18,7.75,8.15
2023-01-12,169400900,122.56,124.1311,117,123.56,NA,NA,NA,NA,NA,NA,NA,NA,NA,NA,NA,NA,NA,NA,45046860,8.38,8.47,7.8,8.31
2023-01-11,183810800,122.09,125.95,120.51,123.22,NA,NA,NA,NA,NA,NA,NA,NA,NA,NA,NA,NA,NA,NA,44543070,7.22,8,7.0691,7.93
2023-01-10,167642500,121.07,122.76,114.92,118.85,NA,NA,NA,NA,NA,NA,NA,NA,NA,NA,NA,NA,NA,NA,25980590,6.86,7.22,6.73,7.19
2023-01-09,190284000,118.96,123.52,117.11,119.77,NA,NA,NA,NA,NA,NA,NA,NA,NA,NA,NA,NA,NA,NA,27341980,6.49,6.98,6.375,6.78
2023-01-06,220911100,103,114.39,101.81,113.06,NA,NA,NA,NA,NA,NA,NA,NA,NA,NA,NA,NA,NA,NA,24539340,6.15,6.43,6.09,6.36
2023-01-05,157986300,110.51,111.75,107.1601,110.34,NA,NA,NA,NA,NA,NA,NA,NA,NA,NA,NA,NA,NA,NA,21449720,6.34,6.3938,6.17,6.25
2023-01-04,180389000,109.11,114.59,107.52,113.64,NA,NA,NA,NA,NA,NA,NA,NA,NA,NA,NA,NA,NA,NA,26173380,6.25,6.72,6.15,6.48
2023-01-03,231402800,118.47,118.8,104.64,108.1,NA,NA,NA,NA,NA,NA,NA,NA,NA,NA,NA,NA,NA,NA,31442210,6.97,7.07,6.14,6.17
2022-12-30,157777300,119.95,124.48,119.75,123.18,NA,NA,NA,NA,NA,NA,NA,NA,NA,NA,NA,NA,NA,NA,22489780,6.55,6.83,6.515,6.83
2022-12-29,221923300,120.385,123.57,117.495,121.82,NA,NA,NA,NA,NA,NA,NA,NA,NA,NA,NA,NA,NA,NA,26601590,6.6,6.9,6.48,6.7
2022-12-28,221070500,110.35,116.27,108.24,112.71,NA,NA,NA,NA,NA,NA,NA,NA,NA,NA,NA,NA,NA,NA,27973140,6.25,6.64,6.215,6.38
2022-12-27,208643400,117.495,119.67,108.76,109.1,NA,NA,NA,NA,NA,NA,NA,NA,NA,NA,NA,NA,NA,NA,35811180,6.608,6.61,6.18,6.2
2022-12-23,166989700,126.37,128.6173,121.02,123.15,NA,NA,NA,NA,NA,NA,NA,NA,NA,NA,NA,NA,NA,NA,22584950,6.88,6.9,6.59,6.7
2022-12-22,210090300,136,136.63,122.26,125.35,293,2022,"USA","GA","Tesla crashes and burns",1,1,0,0,0,1,NA,FALSE,NA,35161350,7.12,7.17,6.63,6.89
2022-12-21,145417400,139.335,141.26,135.89,137.57,NA,NA,NA,NA,NA,NA,NA,NA,NA,NA,NA,NA,NA,NA,26956150,7.39,7.39,7.15,7.18
2022-12-20,159563300,146.05,148.47,137.66,137.8,NA,NA,NA,NA,NA,NA,NA,NA,NA,NA,NA,NA,NA,NA,42410700,7.57,7.89,7.22,7.23
2022-12-19,139390600,154,155.25,145.82,149.87,NA,NA,NA,NA,NA,NA,NA,NA,NA,NA,NA,NA,NA,NA,22954070,7.35,7.37,7.05,7.23
2022-12-16,139032200,159.635,160.99,150.04,150.23,NA,NA,NA,NA,NA,NA,NA,NA,NA,NA,NA,NA,NA,NA,41837820,7.405,7.62,7.185,7.37
2022-12-15,122334500,153.44,160.9299,153.28,157.67,NA,NA,NA,NA,NA,NA,NA,NA,NA,NA,NA,NA,NA,NA,31343420,7.71,7.82,7.43,7.45
2022-12-14,140682300,159.25,161.62,155.31,156.8,NA,NA,NA,NA,NA,NA,NA,NA,NA,NA,NA,NA,NA,NA,29881890,7.96,7.97,7.59,7.68
2022-12-13,175862700,174.87,175.05,156.91,160.95,NA,NA,NA,NA,NA,NA,NA,NA,NA,NA,NA,NA,NA,NA,40408080,8.7,8.955,7.94,7.99
2022-12-12,109794500,176.1,177.37,167.52,167.82,NA,NA,NA,NA,NA,NA,NA,NA,NA,NA,NA,NA,NA,NA,26159760,8.54,8.59,8.13,8.28
2022-12-09,104872300,173.84,182.5,173.36,179.05,NA,NA,NA,NA,NA,NA,NA,NA,NA,NA,NA,NA,NA,NA,43064560,8.53,8.69,8.14,8.68
2022-12-08,97624490,172.2,175.2,169.06,173.44,NA,NA,NA,NA,NA,NA,NA,NA,NA,NA,NA,NA,NA,NA,24855930,8.62,8.84,8.405,8.68
2022-12-07,84213280,175.03,179.38,172.218,174.04,NA,NA,NA,NA,NA,NA,NA,NA,NA,NA,NA,NA,NA,NA,23903930,8.5,8.735,8.2853,8.61
2022-12-06,92150820,181.215,183.65,175.33,179.82,NA,NA,NA,NA,NA,NA,NA,NA,NA,NA,NA,NA,NA,NA,39132220,9.52,9.52,8.54,8.65
2022-12-05,93122670,189.44,191.27,180.55,182.45,NA,NA,NA,NA,NA,NA,NA,NA,NA,NA,NA,NA,NA,NA,26098200,10.11,10.19,9.4,9.43
2022-12-02,73645920,191.78,196.25,191.11,194.86,NA,NA,NA,NA,NA,NA,NA,NA,NA,NA,NA,NA,NA,NA,27456300,9.64,10.165,9.55,10.15
2022-12-01,80046210,197.08,198.92,191.8,194.7,NA,NA,NA,NA,NA,NA,NA,NA,NA,NA,NA,NA,NA,NA,27314300,10.105,10.235,9.57,9.83
2022-11-30,109186400,182.43,194.76,180.6301,194.7,NA,NA,NA,NA,NA,NA,NA,NA,NA,NA,NA,NA,NA,NA,69551920,9.86,10.36,9.84,10.14
2022-11-29,83357110,184.99,186.38,178.75,180.83,NA,NA,NA,NA,NA,NA,NA,NA,NA,NA,NA,NA,NA,NA,19666560,10.05,10.07,9.7,9.76
2022-11-28,93038150,179.96,188.5,179,182.92,NA,NA,NA,NA,NA,NA,NA,NA,NA,NA,NA,NA,NA,NA,24186890,9.985,10.1884,9.83,9.85
2022-11-25,50672740,185.06,185.2,180.63,182.86,NA,NA,NA,NA,NA,NA,NA,NA,NA,NA,NA,NA,NA,NA,12414210,10.27,10.28,9.965,10.02
2022-11-23,109536700,173.57,183.62,172.5,183.2,NA,NA,NA,NA,NA,NA,NA,NA,NA,NA,NA,NA,NA,NA,18478570,10.24,10.35,10.0514,10.25
2022-11-22,78452330,168.63,170.92,166.185,169.91,NA,NA,NA,NA,NA,NA,NA,NA,NA,NA,NA,NA,NA,NA,23082780,10.39,10.39,9.98,10.13
2022-11-21,92882710,175.85,176.77,167.54,167.87,NA,NA,NA,NA,NA,NA,NA,NA,NA,NA,NA,NA,NA,NA,32052730,11.11,11.11,10.25,10.31
2022-11-18,76048870,185.05,185.19,176.55,180.19,NA,NA,NA,NA,NA,NA,NA,NA,NA,NA,NA,NA,NA,NA,14755860,11.58,11.66,11.085,11.26
2022-11-17,64335970,183.96,186.16,180.9,183.17,NA,NA,NA,NA,NA,NA,NA,NA,NA,NA,NA,NA,NA,NA,18377410,11.24,11.49,11.03,11.46
2022-11-16,66567600,191.51,192.57,185.66,186.92,NA,NA,NA,NA,NA,NA,NA,NA,NA,NA,NA,NA,NA,NA,23032360,12.3,12.3,11.32,11.37
2022-11-15,91293790,195.88,200.8237,192.06,194.42,NA,NA,NA,NA,NA,NA,NA,NA,NA,NA,NA,NA,NA,NA,21744990,12.715,12.82,12.3,12.36
2022-11-14,92226650,192.77,195.73,186.34,190.95,NA,NA,NA,NA,NA,NA,NA,NA,NA,NA,NA,NA,NA,NA,18403840,12.88,12.96,12.1018,12.21
2022-11-11,114403600,186,196.52,182.59,195.97,280,2022,"USA","CA"," Tesla hits wall, catches fire ",1,0,1,0,0,0,NA,TRUE,NA,29191480,12.13,13.1785,12.07,12.91
2022-11-10,132703000,189.9,191,180.03,190.72,NA,NA,NA,NA,NA,NA,NA,NA,NA,NA,NA,NA,NA,NA,42963120,12.01,12.34,11.37,12.11
2022-11-09,127062700,190.775,195.89,177.12,177.59,NA,NA,NA,NA,NA,NA,NA,NA,NA,NA,NA,NA,NA,NA,52598510,12.49,12.53,10.89,11.21
2022-11-08,128803400,194.02,195.2,186.75,191.3,NA,NA,NA,NA,NA,NA,NA,NA,NA,NA,NA,NA,NA,NA,23031450,13.91,14.04,13.07,13.5
2022-11-07,93916520,208.65,208.9,196.66,197.08,NA,NA,NA,NA,NA,NA,NA,NA,NA,NA,NA,NA,NA,NA,16367960,14.05,14.2,13.205,13.85
2022-11-04,98622210,222.6,223.8,203.08,207.47,NA,NA,NA,NA,NA,NA,NA,NA,NA,NA,NA,NA,NA,NA,19218420,14.04,14.34,13.3,13.89
2022-11-03,56538850,211.36,221.2,210.14,215.31,NA,NA,NA,NA,NA,NA,NA,NA,NA,NA,NA,NA,NA,NA,10715250,13.23,14.075,13.15,13.64
2022-11-02,63070290,226.04,227.8699,214.82,214.98,NA,NA,NA,NA,NA,NA,NA,NA,NA,NA,NA,NA,NA,NA,14289030,13.67,14.35,13.315,13.34
2022-11-01,62688820,234.05,237.3951,227.28,227.82,NA,NA,NA,NA,NA,NA,NA,NA,NA,NA,NA,NA,NA,NA,14636460,14.67,14.84,13.6,13.62
2022-10-31,61554340,226.19,229.85,221.94,227.54,NA,NA,NA,NA,NA,NA,NA,NA,NA,NA,NA,NA,NA,NA,24662350,14.16,14.675,14.045,14.29
2022-10-28,69152390,225.4,228.86,216.35,228.52,NA,NA,NA,NA,NA,NA,NA,NA,NA,NA,NA,NA,NA,NA,12837100,13.79,14.3,13.65,14.23
2022-10-27,61638820,229.77,233.81,222.85,225.09,NA,NA,NA,NA,NA,NA,NA,NA,NA,NA,NA,NA,NA,NA,11174020,14.05,14.38,13.68,13.79
2022-10-26,85327080,219.4,230.6,218.2,224.64,NA,NA,NA,NA,NA,NA,NA,NA,NA,NA,NA,NA,NA,NA,15090410,13.74,14.52,13.62,13.91
2022-10-25,96507870,210.1,224.3498,210,222.415,NA,NA,NA,NA,NA,NA,NA,NA,NA,NA,NA,NA,NA,NA,22487620,12.9,14.17,12.9,13.92
2022-10-24,100446800,205.82,213.5,198.5863,211.25,NA,NA,NA,NA,NA,NA,NA,NA,NA,NA,NA,NA,NA,NA,14457680,13.17,13.175,12.53,12.8
2022-10-21,75713750,206.415,214.66,203.8,214.44,NA,NA,NA,NA,NA,NA,NA,NA,NA,NA,NA,NA,NA,NA,17222210,12.46,13.42,12.28,13.31
2022-10-20,117798100,208.28,215.55,202,207.28,NA,NA,NA,NA,NA,NA,NA,NA,NA,NA,NA,NA,NA,NA,17586540,12.71,13.1,12.36,12.6
2022-10-19,66571480,219.8,222.93,217.78,222.04,277,2022,"USA","CA","Multi-car crash",1,1,0,0,0,1,NA,FALSE,NA,11700870,12.845,12.93,12.45,12.64
2022-10-18,75891910,229.5,229.82,217.25,220.19,276,2022,"USA","FL"," Tesla collides with minivan, engulfed by flames ",4,1,1,2,0,2,NA,FALSE,NA,16688540,12.92,13.16,12.515,13.01
2022-10-17,79428810,210.04,221.86,209.45,219.35,NA,NA,NA,NA,NA,NA,NA,NA,NA,NA,NA,NA,NA,NA,18897350,12.35,12.92,12.3441,12.41
2022-10-14,94124510,224.01,226.26,204.16,204.99,NA,NA,NA,NA,NA,NA,NA,NA,NA,NA,NA,NA,NA,NA,23536680,13.18,13.22,11.87,11.89
2022-10-13,91483050,208.3,222.99,206.22,221.72,NA,NA,NA,NA,NA,NA,NA,NA,NA,NA,NA,NA,NA,NA,20889250,12.74,13.24,12.375,13.01
2022-10-12,66860700,215.33,219.2999,211.51,217.24,NA,NA,NA,NA,NA,NA,NA,NA,NA,NA,NA,NA,NA,NA,23191810,13.25,13.5,12.61,13.09
2022-10-11,77013200,220.945,225.75,215,216.5,NA,NA,NA,NA,NA,NA,NA,NA,NA,NA,NA,NA,NA,NA,22025110,12.43,13.2173,12.2,12.65
2022-10-10,67925020,223.93,226.99,218.3582,222.96,NA,NA,NA,NA,NA,NA,NA,NA,NA,NA,NA,NA,NA,NA,20767800,13.23,13.26,12.29,12.48
2022-10-07,83916800,233.935,234.5715,222.02,223.07,NA,NA,NA,NA,NA,NA,NA,NA,NA,NA,NA,NA,NA,NA,21772500,14.061,14.18,13.12,13.17
2022-10-06,69298440,239.44,244.58,235.35,238.13,NA,NA,NA,NA,NA,NA,NA,NA,NA,NA,NA,NA,NA,NA,13163680,15.018,15.3,14.305,14.41
2022-10-05,86982670,245.01,246.6697,233.27,240.81,NA,NA,NA,NA,NA,NA,NA,NA,NA,NA,NA,NA,NA,NA,11615340,14.961,15.17,14.51,14.99
2022-10-04,109578500,250.52,257.5,242.01,249.44,NA,NA,NA,NA,NA,NA,NA,NA,NA,NA,NA,NA,NA,NA,22799940,14.51,15.68,14.51,15.4
2022-10-03,98363540,254.5,255.16,241.01,242.4,NA,NA,NA,NA,NA,NA,NA,NA,NA,NA,NA,NA,NA,NA,19230870,14,14.22,13.52,14.09
2022-09-30,67726600,266.145,275.57,262.47,265.25,NA,NA,NA,NA,NA,NA,NA,NA,NA,NA,NA,NA,NA,NA,12259270,14.05,14.44,13.87,13.97
2022-09-29,77620640,282.76,283.65,265.78,268.21,NA,NA,NA,NA,NA,NA,NA,NA,NA,NA,NA,NA,NA,NA,14281710,14.98,15,13.99,14.19
2022-09-28,54664810,283.08,289,277.57,287.81,NA,NA,NA,NA,NA,NA,NA,NA,NA,NA,NA,NA,NA,NA,15089800,14.52,15.32,14.355,15.22
2022-09-27,61925190,283.84,288.67,277.51,282.94,NA,NA,NA,NA,NA,NA,NA,NA,NA,NA,NA,NA,NA,NA,20173230,14.81,15.18,14.15,14.41
2022-09-26,58076910,271.83,284.09,270.31,276.01,NA,NA,NA,NA,NA,NA,NA,NA,NA,NA,NA,NA,NA,NA,11486250,14.05,14.65,13.9515,14.06
2022-09-23,63748360,283.09,284.5,272.82,275.33,NA,NA,NA,NA,NA,NA,NA,NA,NA,NA,NA,NA,NA,NA,18635850,14.17,14.25,13.58,14.03
2022-09-22,70545410,299.86,301.29,285.82,288.59,NA,NA,NA,NA,NA,NA,NA,NA,NA,NA,NA,NA,NA,NA,20375890,15.45,15.58,14.12,14.31
2022-09-21,62555660,308.29,313.8,300.63,300.8,NA,NA,NA,NA,NA,NA,NA,NA,NA,NA,NA,NA,NA,NA,16880000,15.39,16.16,15.28,15.56
2022-09-20,61642780,306.91,313.33,305.58,308.73,NA,NA,NA,NA,NA,NA,NA,NA,NA,NA,NA,NA,NA,NA,12585580,15.82,15.951,15.23,15.34
2022-09-19,60231160,300.09,309.84,297.8,309.07,NA,NA,NA,NA,NA,NA,NA,NA,NA,NA,NA,NA,NA,NA,18925120,16.06,16.41,15.44,15.94
2022-09-16,87087790,299.605,303.71,295.6005,303.35,NA,NA,NA,NA,NA,NA,NA,NA,NA,NA,NA,NA,NA,NA,50642790,16.13,17.69,16.08,16.18
2022-09-15,64795520,301.825,309.12,300.7247,303.75,NA,NA,NA,NA,NA,NA,NA,NA,NA,NA,NA,NA,NA,NA,19007530,16.4,17.33,16.34,16.49
2022-09-14,72628650,292.24,306,291.64,302.61,NA,NA,NA,NA,NA,NA,NA,NA,NA,NA,NA,NA,NA,NA,21932170,16.02,16.88,15.975,16.63
2022-09-13,68229620,292.9,297.3999,290.4,292.13,NA,NA,NA,NA,NA,NA,NA,NA,NA,NA,NA,NA,NA,NA,21307210,15.81,16.68,15.64,16.1
2022-09-12,48674600,300.72,305.49,300.4,304.42,NA,NA,NA,NA,NA,NA,NA,NA,NA,NA,NA,NA,NA,NA,24276510,15.45,16.597,15.31,16.55
2022-09-09,54470850,291.67,299.85,291.245,299.68,NA,NA,NA,NA,NA,NA,NA,NA,NA,NA,NA,NA,NA,NA,18030650,15,15.42,14.93,15.08
2022-09-08,53713120,281.3,289.5,279.76,289.26,NA,NA,NA,NA,NA,NA,NA,NA,NA,NA,NA,NA,NA,NA,11854440,14.46,14.99,14.385,14.99
2022-09-07,50028920,273.1,283.84,272.27,283.7,NA,NA,NA,NA,NA,NA,NA,NA,NA,NA,NA,NA,NA,NA,17388180,14.464,14.75,13.863,14.7
2022-09-06,55859980,272.675,275.99,265.74,274.42,NA,NA,NA,NA,NA,NA,NA,NA,NA,NA,NA,NA,NA,NA,17263260,15.04,15.13,14.58,14.61
2022-09-02,50890090,281.065,282.35,269.08,270.21,NA,NA,NA,NA,NA,NA,NA,NA,NA,NA,NA,NA,NA,NA,13695290,15.47,15.63,14.99,15.16
2022-09-01,54287020,272.575,277.58,266.15,277.16,NA,NA,NA,NA,NA,NA,NA,NA,NA,NA,NA,NA,NA,NA,13605630,15.21,15.405,14.79,15.38
2022-08-31,52107340,280.62,281.25,271.81,275.61,NA,NA,NA,NA,NA,NA,NA,NA,NA,NA,NA,NA,NA,NA,13917190,15.32,15.5185,14.96,15.34
2022-08-30,50541760,287.865,288.48,272.65,277.7,NA,NA,NA,NA,NA,NA,NA,NA,NA,NA,NA,NA,NA,NA,27308580,15.8,15.85,14.89,15.15
2022-08-29,41864740,282.83,287.74,280.7,284.82,NA,NA,NA,NA,NA,NA,NA,NA,NA,NA,NA,NA,NA,NA,8469340,16.09,16.4499,15.86,16.17
2022-08-26,57163950,297.43,302,287.47,288.09,NA,NA,NA,NA,NA,NA,NA,NA,NA,NA,NA,NA,NA,NA,13160280,17.1,17.28,16.21,16.24
2022-08-25,53230010,302.36,302.96,291.6,296.07,NA,NA,NA,NA,NA,NA,NA,NA,NA,NA,NA,NA,NA,NA,10480880,16.7,17.23,16.58,16.98
2022-08-24,57259716,297.5633,303.6466,296.5,297.0966,NA,NA,NA,NA,NA,NA,NA,NA,NA,NA,NA,NA,NA,NA,11934800,16.25,16.84,15.955,16.44
2022-08-23,63985056,291.4533,298.8266,287.9233,296.4533,NA,NA,NA,NA,NA,NA,NA,NA,NA,NA,NA,NA,NA,NA,11651130,16.26,16.44,15.95,15.98
2022-08-22,55843356,291.9133,292.4,286.2966,289.9133,NA,NA,NA,NA,NA,NA,NA,NA,NA,NA,NA,NA,NA,NA,15375310,16.775,16.775,16.03,16.1
2022-08-19,61395396,299,300.36,292.5,296.6666,NA,NA,NA,NA,NA,NA,NA,NA,NA,NA,NA,NA,NA,NA,26005810,17.98,17.99,16.69,16.75
2022-08-18,47500535,306,306.5,301.8533,302.87,NA,NA,NA,NA,NA,NA,NA,NA,NA,NA,NA,NA,NA,NA,10206410,18.58,18.6,18.01,18.23
2022-08-17,68765977,303.3966,309.6566,300.0333,303.9966,NA,NA,NA,NA,NA,NA,NA,NA,NA,NA,NA,NA,NA,NA,11017310,18.66,18.79,18.15,18.46
2022-08-16,88136319,311.6666,314.6666,302.8833,306.5633,NA,NA,NA,NA,NA,NA,NA,NA,NA,NA,NA,NA,NA,NA,12998080,18.62,19.155,18.18,18.93
2022-08-15,89359179,301.7866,313.1333,301.23,309.32,NA,NA,NA,NA,NA,NA,NA,NA,NA,NA,NA,NA,NA,NA,10488250,18.36,19.08,18.31,18.76
2022-08-12,79657298,289.415,300.16,285.0333,300.03,NA,NA,NA,NA,NA,NA,NA,NA,NA,NA,NA,NA,NA,NA,13906180,18.25,18.71,17.829,18.66
2022-08-11,70155067,296.5133,298.2366,285.8333,286.63,NA,NA,NA,NA,NA,NA,NA,NA,NA,NA,NA,NA,NA,NA,19662450,18.39,18.92,18.02,18.09
2022-08-10,94918869,297.0666,297.51,283.37,294.3566,NA,NA,NA,NA,NA,NA,NA,NA,NA,NA,NA,NA,NA,NA,19041290,18.07,18.34,17.51,18.22
2022-08-09,86244699,290.2933,292.3966,279.3533,283.3333,NA,NA,NA,NA,NA,NA,NA,NA,NA,NA,NA,NA,NA,NA,23944600,18.52,18.53,17.125,17.46
2022-08-08,99365290,295,305.2,289.0854,290.4233,NA,NA,NA,NA,NA,NA,NA,NA,NA,NA,NA,NA,NA,NA,21703020,18.18,19.71,18.075,18.72
2022-08-05,113172911,302.67,304.6066,285.5446,288.17,NA,NA,NA,NA,NA,NA,NA,NA,NA,NA,NA,NA,NA,NA,16542600,18.4,18.6,17.92,18.05
2022-08-04,72256327,311,313.6066,305,308.6333,NA,NA,NA,NA,NA,NA,NA,NA,NA,NA,NA,NA,NA,NA,37355210,18.04,18.86,18,18.56
2022-08-03,80091128,305,309.55,301.15,307.3966,NA,NA,NA,NA,NA,NA,NA,NA,NA,NA,NA,NA,NA,NA,29292230,19.82,20.62,19.53,20.56
2022-08-02,95577490,294.0033,307.8333,292.6666,300.5866,NA,NA,NA,NA,NA,NA,NA,NA,NA,NA,NA,NA,NA,NA,20507440,18.22,19.99,17.82,19.73
2022-08-01,117042912,301.275,311.8782,295,297.2766,NA,NA,NA,NA,NA,NA,NA,NA,NA,NA,NA,NA,NA,NA,15465760,18.21,18.69,17.77,18.53
2022-07-29,95312890,280.7,298.32,279.1,297.15,NA,NA,NA,NA,NA,NA,NA,NA,NA,NA,NA,NA,NA,NA,16504000,18,18.29,17.88,18.25
2022-07-28,84723008,280.0666,283.3,272.8,280.9,NA,NA,NA,NA,NA,NA,NA,NA,NA,NA,NA,NA,NA,NA,16839430,18.74,19.0238,17.775,18.24
2022-07-27,88110009,263.81,275.9256,261.79,274.82,NA,NA,NA,NA,NA,NA,NA,NA,NA,NA,NA,NA,NA,NA,15565970,18.44,18.595,17.87,18.43
2022-07-26,66820777,266.5133,267.3099,256.2633,258.86,NA,NA,NA,NA,NA,NA,NA,NA,NA,NA,NA,NA,NA,NA,11087870,18.48,18.565,17.89,18.09
2022-07-25,64073526,272.2166,274.1466,267.4,268.4333,NA,NA,NA,NA,NA,NA,NA,NA,NA,NA,NA,NA,NA,NA,11624210,19.78,19.9,18.64,18.74
2022-07-22,103472860,276.22,280.7866,270.7133,272.2433,NA,NA,NA,NA,NA,NA,NA,NA,NA,NA,NA,NA,NA,NA,14026810,21.45,21.45,19.54,19.68
2022-07-21,142032194,255.1066,273.2666,254.8666,271.7066,NA,NA,NA,NA,NA,NA,NA,NA,NA,NA,NA,NA,NA,NA,15841820,21.14,21.78,20.781,21.48
2022-07-20,88864089,246.7833,250.6633,243.483,247.5,NA,NA,NA,NA,NA,NA,NA,NA,NA,NA,NA,NA,NA,NA,15250110,20.36,21.34,20.36,21.27
2022-07-19,80890118,245,247.14,236.9766,245.53,NA,NA,NA,NA,NA,NA,NA,NA,NA,NA,NA,NA,NA,NA,11280280,20.49,20.55,19.86,20.38
2022-07-18,82537448,244.9366,250.5166,239.6033,240.5466,NA,NA,NA,NA,NA,NA,NA,NA,NA,NA,NA,NA,NA,NA,17273800,20.07,21.08,19.86,19.96
2022-07-15,69683017,240,243.6233,236.89,240.0666,NA,NA,NA,NA,NA,NA,NA,NA,NA,NA,NA,NA,NA,NA,13949470,20.12,20.29,19.21,19.68
2022-07-14,78557498,234.8966,238.6533,229.3333,238.3133,NA,NA,NA,NA,NA,NA,NA,NA,NA,NA,NA,NA,NA,NA,12948490,19.44,20.15,18.96,20.11
2022-07-13,97954510,225.5,242.0599,225.0333,237.04,NA,NA,NA,NA,NA,NA,NA,NA,NA,NA,NA,NA,NA,NA,12273150,18.65,19.7488,18.55,19.51
2022-07-12,87930969,236.8466,239.7733,228.3683,233.07,NA,NA,NA,NA,NA,NA,NA,NA,NA,NA,NA,NA,NA,NA,12437530,18.74,19.46,18.245,19.33
2022-07-11,99509230,252.1033,253.0633,233.6266,234.3433,NA,NA,NA,NA,NA,NA,NA,NA,NA,NA,NA,NA,NA,NA,11690920,19.92,20.02,18.5,18.53
2022-07-08,101854090,242.3333,254.9799,241.1614,250.7633,NA,NA,NA,NA,NA,NA,NA,NA,NA,NA,NA,NA,NA,NA,24362130,19.44,20.61,19.32,19.99
2022-07-07,81930698,233.92,245.3616,232.21,244.5433,NA,NA,NA,NA,NA,NA,NA,NA,NA,NA,NA,NA,NA,NA,19510420,18.29,19.875,18.06,19.81
2022-07-06,71853637,230.78,234.5633,227.1866,231.7333,NA,NA,NA,NA,NA,NA,NA,NA,NA,NA,NA,NA,NA,NA,21390600,17.35,18.51,17.31,18.22
2022-07-05,84779108,223,233.1466,216.1667,233.0666,NA,NA,NA,NA,NA,NA,NA,NA,NA,NA,NA,NA,NA,NA,14896630,16.78,17.24,16.35,17.23
2022-07-01,74460457,227,230.23,222.12,227.2633,NA,NA,NA,NA,NA,NA,NA,NA,NA,NA,NA,NA,NA,NA,14083070,17.055,17.52,16.43,17
2022-06-30,94600449,224.51,229.4566,218.8633,224.4733,NA,NA,NA,NA,NA,NA,NA,NA,NA,NA,NA,NA,NA,NA,13188800,17.24,17.66,16.545,17.16
2022-06-29,82897268,230.5,231.1733,222.2733,228.49,NA,NA,NA,NA,NA,NA,NA,NA,NA,NA,NA,NA,NA,NA,10918330,17.69,17.93,17.2,17.3
2022-06-28,90666519,244.4833,249.97,232.3433,232.6633,NA,NA,NA,NA,NA,NA,NA,NA,NA,NA,NA,NA,NA,NA,11483030,18.25,18.7577,17.85,17.94
2022-06-27,89178309,249.3666,252.07,242.5655,244.92,NA,NA,NA,NA,NA,NA,NA,NA,NA,NA,NA,NA,NA,NA,16882590,19.01,19.34,17.94,18.39
2022-06-24,95770720,237.4683,246.0666,236.0866,245.7066,NA,NA,NA,NA,NA,NA,NA,NA,NA,NA,NA,NA,NA,NA,50116980,19.59,19.87,18.77,19.21
2022-06-23,104202700,237.905,239.3166,228.6366,235.07,NA,NA,NA,NA,NA,NA,NA,NA,NA,NA,NA,NA,NA,NA,24147040,18.11,19.65,17.99,19.3
2022-06-22,101527270,234.5033,246.8333,233.8266,236.0866,NA,NA,NA,NA,NA,NA,NA,NA,NA,NA,NA,NA,NA,NA,14327530,17.66,18.58,17.48,18.03
2022-06-21,122792982,224.6033,243.5773,224.3333,237.0366,NA,NA,NA,NA,NA,NA,NA,NA,NA,NA,NA,NA,NA,NA,21750440,17.16,18.685,17.15,17.9
2022-06-17,92641779,213.4333,220.9694,213.1966,216.76,NA,NA,NA,NA,NA,NA,NA,NA,NA,NA,NA,NA,NA,NA,24043980,15.99,16.81,15.6107,16.63
2022-06-16,107390711,222.7366,225.1666,208.6933,213.1,NA,NA,NA,NA,NA,NA,NA,NA,NA,NA,NA,NA,NA,NA,19089820,16.85,17,15.3,15.55
2022-06-15,119131962,220.9166,235.6633,218.15,233,NA,NA,NA,NA,NA,NA,NA,NA,NA,NA,NA,NA,NA,NA,17671250,16.3,17.6599,16.22,17.52
2022-06-14,97988800,218.2866,226.33,211.7366,220.89,NA,NA,NA,NA,NA,NA,NA,NA,NA,NA,NA,NA,NA,NA,15723080,16.5,16.95,15.8,16.6
2022-06-13,102767260,223.1666,226.6333,214.6833,215.7366,NA,NA,NA,NA,NA,NA,NA,NA,NA,NA,NA,NA,NA,NA,18563850,17.01,17.19,16.16,16.31
2022-06-10,98090920,235.1566,239.5,227.9133,232.23,NA,NA,NA,NA,NA,NA,NA,NA,NA,NA,NA,NA,NA,NA,14394930,18.52,19.14,18,18.02
2022-06-09,96491320,249.34,255.5466,239.3266,239.7066,NA,NA,NA,NA,NA,NA,NA,NA,NA,NA,NA,NA,NA,NA,16010800,19.344,19.66,18.8,18.88
2022-06-08,76210628,240.0866,249.9633,239.1766,241.8666,NA,NA,NA,NA,NA,NA,NA,NA,NA,NA,NA,NA,NA,NA,15619290,19.01,20.1098,18.97,19.59
2022-06-07,72808597,234,239.9966,230.0933,238.8866,NA,NA,NA,NA,NA,NA,NA,NA,NA,NA,NA,NA,NA,NA,12597960,18.92,19.395,18.64,18.96
2022-06-06,84204518,244.3533,244.8666,234.35,238.28,NA,NA,NA,NA,NA,NA,NA,NA,NA,NA,NA,NA,NA,NA,15920900,19.04,19.98,18.79,19.15
2022-06-03,112393751,243.225,247.7966,233.4178,234.5166,NA,NA,NA,NA,NA,NA,NA,NA,NA,NA,NA,NA,NA,NA,18144850,19.24,19.38,18.3224,18.67
2022-06-02,93473139,244.1566,264.21,242.0666,258.3333,NA,NA,NA,NA,NA,NA,NA,NA,NA,NA,NA,NA,NA,NA,15615460,19.31,20.1509,18.9,19.96
2022-06-01,77247968,251.72,257.3266,243.64,246.79,NA,NA,NA,NA,NA,NA,NA,NA,NA,NA,NA,NA,NA,NA,15746870,20.3,20.545,19.263,19.5
2022-05-31,101914390,257.9466,259.6,244.7433,252.7533,NA,NA,NA,NA,NA,NA,NA,NA,NA,NA,NA,NA,NA,NA,24021280,20.07,20.725,19.38,20.18
2022-05-27,89294979,241.0833,253.2666,240.177,253.21,NA,NA,NA,NA,NA,NA,NA,NA,NA,NA,NA,NA,NA,NA,19140040,19.23,19.88,19.13,19.83
2022-05-26,106003361,220.4733,239.5566,217.8866,235.91,NA,NA,NA,NA,NA,NA,NA,NA,NA,NA,NA,NA,NA,NA,25111660,17.26,19.3,17.2,18.89
2022-05-25,92139339,207.95,223.1066,207.67,219.6,NA,NA,NA,NA,NA,NA,NA,NA,NA,NA,NA,NA,NA,NA,18661620,17.045,17.59,16.76,17.45
2022-05-24,89092539,217.8433,217.9733,206.8566,209.3866,NA,NA,NA,NA,NA,NA,NA,NA,NA,NA,NA,NA,NA,NA,18049770,17.97,18.3,16.86,17.1
2022-05-23,88903659,218.34,226.6517,212.6866,224.9666,NA,NA,NA,NA,NA,NA,NA,NA,NA,NA,NA,NA,NA,NA,15852300,18.31,18.56,17.7,18.4
2022-05-20,144973334,237.9966,240.5273,211,221.3,NA,NA,NA,NA,NA,NA,NA,NA,NA,NA,NA,NA,NA,NA,28540940,19.74,19.8,17.345,18.39
2022-05-19,90296679,235.6666,244.6666,231.37,236.4733,NA,NA,NA,NA,NA,NA,NA,NA,NA,NA,NA,NA,NA,NA,39616390,17.748,19.93,17.46,19.27
2022-05-18,87811809,248.1733,253.5,233.6033,236.6033,NA,NA,NA,NA,NA,NA,NA,NA,NA,NA,NA,NA,NA,NA,22487250,17.58,18.4057,17.065,17.36
2022-05-17,80236118,249.12,254.8266,242.95,253.87,NA,NA,NA,NA,NA,NA,NA,NA,NA,NA,NA,NA,NA,NA,18908000,17.51,18.39,17.272,17.85
2022-05-16,86098539,255.72,256.5866,239.6961,241.4566,NA,NA,NA,NA,NA,NA,NA,NA,NA,NA,NA,NA,NA,NA,18649810,18.03,18.54,17.24,17.36
2022-05-13,92150739,257.8266,262.4499,250.5216,256.53,NA,NA,NA,NA,NA,NA,NA,NA,NA,NA,NA,NA,NA,NA,38888140,16.25,18.33,16.25,18.01
2022-05-12,140312864,233.6666,253.22,226.6666,242.6666,NA,NA,NA,NA,NA,NA,NA,NA,NA,NA,NA,NA,NA,NA,42817000,13.57,16.42,13.25,15.69
2022-05-11,97224460,265,269.9233,242.4,244.6666,NA,NA,NA,NA,NA,NA,NA,NA,NA,NA,NA,NA,NA,NA,44037630,15.87,15.96,13.67,13.86
2022-05-10,84401648,273.1033,275.12,258.0833,266.68,NA,NA,NA,NA,NA,NA,NA,NA,NA,NA,NA,NA,NA,NA,31561940,17.27,17.27,15.35,15.95
2022-05-09,90810219,278.8166,281.8766,260.3833,262.37,NA,NA,NA,NA,NA,NA,NA,NA,NA,NA,NA,NA,NA,NA,40917310,17.335,17.445,16.18,16.35
2022-05-06,72903127,295.6666,296,281.035,288.55,NA,NA,NA,NA,NA,NA,NA,NA,NA,NA,NA,NA,NA,NA,25371750,18.56,19.08,17.435,18.15
2022-05-05,92519199,313.07,315.2,285.9,291.0933,NA,NA,NA,NA,NA,NA,NA,NA,NA,NA,NA,NA,NA,NA,22846530,19.91,19.92,18.35,18.85
2022-05-04,81643718,301.3133,318.5,295.0933,317.54,NA,NA,NA,NA,NA,NA,NA,NA,NA,NA,NA,NA,NA,NA,20505900,19.325,20.3,18.71,20.26
2022-05-03,63709596,301.06,308.0266,296.1966,303.0833,NA,NA,NA,NA,NA,NA,NA,NA,NA,NA,NA,NA,NA,NA,16090800,18.96,19.68,18.8101,19.6
2022-05-02,75781388,286.9233,302.1199,282.6766,300.98,NA,NA,NA,NA,NA,NA,NA,NA,NA,NA,NA,NA,NA,NA,19301450,18.08,19.1,17.65,19.06
2022-04-29,88133019,300.75,311.4666,290,290.2533,NA,NA,NA,NA,NA,NA,NA,NA,NA,NA,NA,NA,NA,NA,19048220,18.88,19.49,18.02,18.08
2022-04-28,124948542,299.9933,300,273.9,292.5033,NA,NA,NA,NA,NA,NA,NA,NA,NA,NA,NA,NA,NA,NA,25110340,18.44,19.05,17.5,18.89
2022-04-27,76956398,299.5266,306,292.4533,293.8366,NA,NA,NA,NA,NA,NA,NA,NA,NA,NA,NA,NA,NA,NA,29054490,18.68,18.7,17.99,18.07
2022-04-26,136133684,331.81,333.3333,291.6666,292.14,NA,NA,NA,NA,NA,NA,NA,NA,NA,NA,NA,NA,NA,NA,39892440,19.255,19.34,17.61,17.64
2022-04-25,68341357,326.3233,336.2066,325.1,332.6733,NA,NA,NA,NA,NA,NA,NA,NA,NA,NA,NA,NA,NA,NA,23859360,18.965,19.48,18.76,19.33
2022-04-22,69696577,338.3033,344.95,331.3333,335.0166,NA,NA,NA,NA,NA,NA,NA,NA,NA,NA,NA,NA,NA,NA,22323920,19.64,20.01,18.91,19.11
2022-04-21,105416351,358.2433,364.0733,332.1383,336.26,NA,NA,NA,NA,NA,NA,NA,NA,NA,NA,NA,NA,NA,NA,23924850,21.32,21.87,19.4749,19.55
2022-04-20,70711327,343.3333,344.6666,325.0833,325.7333,NA,NA,NA,NA,NA,NA,NA,NA,NA,NA,NA,NA,NA,NA,13957020,21.205,21.285,20.61,20.87
2022-04-19,49847825,335.02,344.98,331.775,342.7166,NA,NA,NA,NA,NA,NA,NA,NA,NA,NA,NA,NA,NA,NA,18312660,20.22,21.445,19.8,21.41
2022-04-18,51715235,329.6766,338.3066,324.47,334.7633,NA,NA,NA,NA,NA,NA,NA,NA,NA,NA,NA,NA,NA,NA,21821420,20.98,21.11,19.86,20.32
2022-04-14,58422426,333.0966,337.5699,327.3966,328.3333,NA,NA,NA,NA,NA,NA,NA,NA,NA,NA,NA,NA,NA,NA,18857980,21.88,22.08,20.91,21.01
2022-04-13,55121226,327.025,342.08,324.3656,340.79,NA,NA,NA,NA,NA,NA,NA,NA,NA,NA,NA,NA,NA,NA,22126120,21.33,22.13,20.83,22.05
2022-04-12,65976097,332.5466,340.3973,325.5333,328.9833,NA,NA,NA,NA,NA,NA,NA,NA,NA,NA,NA,NA,NA,NA,21902600,22.38,22.69,21.1,21.29
2022-04-11,59357226,326.8,336.156,324.88,325.31,NA,NA,NA,NA,NA,NA,NA,NA,NA,NA,NA,NA,NA,NA,20100100,21.625,22.645,21.0995,21.7
2022-04-08,55013706,347.7366,349.48,340.8116,341.83,NA,NA,NA,NA,NA,NA,NA,NA,NA,NA,NA,NA,NA,NA,15131060,22.06,22.34,21.55,21.67
2022-04-07,79447058,350.7966,358.8633,340.5133,352.42,NA,NA,NA,NA,NA,NA,NA,NA,NA,NA,NA,NA,NA,NA,21276980,23.1,23.22,21.4593,22.32
2022-04-06,89348559,357.8233,359.6666,342.5666,348.5866,NA,NA,NA,NA,NA,NA,NA,NA,NA,NA,NA,NA,NA,NA,19407070,23.6,23.6,22.61,22.99
2022-04-05,80075018,378.7666,384.29,362.4333,363.7533,NA,NA,NA,NA,NA,NA,NA,NA,NA,NA,NA,NA,NA,NA,21146350,25.21,26.16,23.65,23.73
2022-04-04,82177718,363.1266,383.3033,357.51,381.8166,NA,NA,NA,NA,NA,NA,NA,NA,NA,NA,NA,NA,NA,NA,17068220,24.66,25.43,24.64,25.21
2022-04-01,54263225,360.3833,364.9166,355.5466,361.53,NA,NA,NA,NA,NA,NA,NA,NA,NA,NA,NA,NA,NA,NA,17174970,25.39,25.56,24.26,24.55
2022-03-31,48992765,364.8566,367.7133,358.8803,359.2,NA,NA,NA,NA,NA,NA,NA,NA,NA,NA,NA,NA,NA,NA,17399100,26.54,26.5492,25.25,25.4
2022-03-30,59865006,363.7233,371.3166,361.3333,364.6633,NA,NA,NA,NA,NA,NA,NA,NA,NA,NA,NA,NA,NA,NA,21638420,27.18,28.135,26.2,26.5
2022-03-29,73614817,369.33,371.59,357.7033,366.5233,NA,NA,NA,NA,NA,NA,NA,NA,NA,NA,NA,NA,NA,NA,33667100,25.56,27.6,25.46,27.36
2022-03-28,102506080,355.0333,365.9599,351.2,363.9466,NA,NA,NA,NA,NA,NA,NA,NA,NA,NA,NA,NA,NA,NA,18224240,25.34,25.9465,24.64,25.38
2022-03-25,62031546,336,340.5999,332.44,336.88,NA,NA,NA,NA,NA,NA,NA,NA,NA,NA,NA,NA,NA,NA,17276700,25.94,26.06,24.52,25.16
2022-03-24,68920897,336.5766,341.4966,329.6,337.9733,NA,NA,NA,NA,NA,NA,NA,NA,NA,NA,NA,NA,NA,NA,14925230,26.01,26.57,25.03,26.25
2022-03-23,120676152,326.6466,346.9,325.4666,333.0366,NA,NA,NA,NA,NA,NA,NA,NA,NA,NA,NA,NA,NA,NA,20981250,26.5,26.81,25.7119,25.9
2022-03-22,105868571,310,332.62,307.25,331.3266,NA,NA,NA,NA,NA,NA,NA,NA,NA,NA,NA,NA,NA,NA,30663430,25.45,27.25,25.1212,26.65
2022-03-21,81981668,304.9933,314.2833,302.3633,307.0533,NA,NA,NA,NA,NA,NA,NA,NA,NA,NA,NA,NA,NA,NA,17521320,25.85,26.2,24.82,25.39
2022-03-18,100414210,291.4966,302.6166,289.13,301.7966,NA,NA,NA,NA,NA,NA,NA,NA,NA,NA,NA,NA,NA,NA,34740330,24.94,26.15,24.65,25.67
2022-03-17,66582967,276.9966,291.6666,275.2392,290.5333,NA,NA,NA,NA,NA,NA,NA,NA,NA,NA,NA,NA,NA,NA,21491170,23.32,24.93,22.8512,24.65
2022-03-16,84028838,269.6666,280.6666,267.42,280.0766,NA,NA,NA,NA,NA,NA,NA,NA,NA,NA,NA,NA,NA,NA,28443710,22.13,23.895,22.13,23.62
2022-03-15,66841147,258.4233,268.5233,252.19,267.2966,NA,NA,NA,NA,NA,NA,NA,NA,NA,NA,NA,NA,NA,NA,20404170,21.5,22.03,20.49,21.98
2022-03-14,71152267,260.2033,266.9,252.0133,255.4566,NA,NA,NA,NA,NA,NA,NA,NA,NA,NA,NA,NA,NA,NA,21366220,22.63,23.25,21.3138,21.55
2022-03-11,67037167,280.0656,281.2673,264.59,265.1166,NA,NA,NA,NA,NA,NA,NA,NA,NA,NA,NA,NA,NA,NA,18824700,24.05,24.23,22.81,22.92
2022-03-10,58648656,283.8166,284.8166,270.12,279.4333,NA,NA,NA,NA,NA,NA,NA,NA,NA,NA,NA,NA,NA,NA,16508760,24.91,24.91,23.51,24.21
2022-03-09,59183976,279.8266,286.8533,277.3366,286.3233,NA,NA,NA,NA,NA,NA,NA,NA,NA,NA,NA,NA,NA,NA,18168840,25.13,25.5331,24.75,25.26
2022-03-08,80399108,265.1766,283.33,260.7233,274.8,NA,NA,NA,NA,NA,NA,NA,NA,NA,NA,NA,NA,NA,NA,33349550,22.855,25.71,22.61,24.24
2022-03-07,72494167,285.4333,288.7133,268.19,268.1933,NA,NA,NA,NA,NA,NA,NA,NA,NA,NA,NA,NA,NA,NA,35110250,22.94,24.41,22.9,23.17
2022-03-04,67179877,283.0333,285.2166,275.0536,279.43,NA,NA,NA,NA,NA,NA,NA,NA,NA,NA,NA,NA,NA,NA,33251940,22.619,23.73,22.01,22.63
2022-03-03,61623516,292.9233,295.4796,277.5333,279.7633,NA,NA,NA,NA,NA,NA,NA,NA,NA,NA,NA,NA,NA,NA,28893060,24.49,24.52,22.41,22.63
2022-03-02,74643457,290.71,295.4933,281.424,293.2966,NA,NA,NA,NA,NA,NA,NA,NA,NA,NA,NA,NA,NA,NA,24038200,24.72,24.77,23.6,24.58
2022-03-01,74766877,289.8933,296.6266,284.5933,288.1233,NA,NA,NA,NA,NA,NA,NA,NA,NA,NA,NA,NA,NA,NA,62757690,24.485,25.75,23.38,24.99
2022-02-28,99006880,271.67,292.2866,271.5691,290.1433,NA,NA,NA,NA,NA,NA,NA,NA,NA,NA,NA,NA,NA,NA,51761780,26.74,29.0499,26.17,28.98
2022-02-25,76067768,269.7433,273.1666,260.8001,269.9566,NA,NA,NA,NA,NA,NA,NA,NA,NA,NA,NA,NA,NA,NA,28287180,25.44,27,24.56,26.35
2022-02-24,135322304,233.4633,267.4933,233.3333,266.9233,NA,NA,NA,NA,NA,NA,NA,NA,NA,NA,NA,NA,NA,NA,35062740,22.012,25.445,21.77,25.28
2022-02-23,95257030,276.81,278.4332,253.52,254.68,NA,NA,NA,NA,NA,NA,NA,NA,NA,NA,NA,NA,NA,NA,27159590,25.765,26.19,23.8,23.97
2022-02-22,83288198,278.0433,285.5779,267.0333,273.8433,NA,NA,NA,NA,NA,NA,NA,NA,NA,NA,NA,NA,NA,NA,32634500,25.765,27.28,24.94,25.51
2022-02-18,68501857,295.3333,295.6233,279.2033,285.66,NA,NA,NA,NA,NA,NA,NA,NA,NA,NA,NA,NA,NA,NA,28475080,27.825,28.2799,25.785,26.59
2022-02-17,55178436,304.42,306.1666,291.3666,292.1166,NA,NA,NA,NA,NA,NA,NA,NA,NA,NA,NA,NA,NA,NA,24810580,28.44,30.12,27.92,28.11
2022-02-16,51294395,304.6833,308.8099,300.4033,307.7966,NA,NA,NA,NA,NA,NA,NA,NA,NA,NA,NA,NA,NA,NA,15842000,28.335,29.18,27.86,29
2022-02-15,57649536,300,307.6666,297.7924,307.4766,NA,NA,NA,NA,NA,NA,NA,NA,NA,NA,NA,NA,NA,NA,22330270,28.11,28.89,27.62,28.87
2022-02-14,67756417,287.19,299.6266,284.3833,291.92,NA,NA,NA,NA,NA,NA,NA,NA,NA,NA,NA,NA,NA,NA,41217450,25.812,28.41,25.68,27.44
2022-02-11,79645868,303.21,305.32,283.5666,286.6666,NA,NA,NA,NA,NA,NA,NA,NA,NA,NA,NA,NA,NA,NA,28761830,27.525,28.2,25.61,25.84
2022-02-10,66126847,302.79,314.6033,298.9,301.5166,NA,NA,NA,NA,NA,NA,NA,NA,NA,NA,NA,NA,NA,NA,24458350,27.65,29.4,27.44,27.91
2022-02-09,52259555,311.6666,315.4233,306.6666,310.6666,NA,NA,NA,NA,NA,NA,NA,NA,NA,NA,NA,NA,NA,NA,21808580,27.77,28.94,27.59,28.83
2022-02-08,50729015,301.8433,308.7633,298.2666,307.3333,NA,NA,NA,NA,NA,NA,NA,NA,NA,NA,NA,NA,NA,NA,19193240,26.8,27.63,25.89,27.43
2022-02-07,60994476,307.93,315.9233,300.9029,302.4466,NA,NA,NA,NA,NA,NA,NA,NA,NA,NA,NA,NA,NA,NA,22540040,27.61,28.33,26.4,26.97
2022-02-04,73625467,299.0733,312.1666,293.7233,307.7733,NA,NA,NA,NA,NA,NA,NA,NA,NA,NA,NA,NA,NA,NA,20394510,26.98,27.85,26.21,27.55
2022-02-03,78855578,294,312.3333,293.5066,297.0466,NA,NA,NA,NA,NA,NA,NA,NA,NA,NA,NA,NA,NA,NA,30180370,26.5,28.59,26.29,26.95
2022-02-02,66793057,309.3933,310.5,296.47,301.8866,NA,NA,NA,NA,NA,NA,NA,NA,NA,NA,NA,NA,NA,NA,35301460,29.225,29.96,27.4,27.68
2022-02-01,73138357,311.7366,314.5666,301.6666,310.4166,NA,NA,NA,NA,NA,NA,NA,NA,NA,NA,NA,NA,NA,NA,38972250,30.525,30.85,28.62,29.96
2022-01-31,104436100,290.9033,312.6633,287.35,312.24,NA,NA,NA,NA,NA,NA,NA,NA,NA,NA,NA,NA,NA,NA,41743100,28.115,29.48,27.42,29.39
2022-01-28,134788963,277.1866,285.8333,264.0033,282.1166,NA,NA,NA,NA,NA,NA,NA,NA,NA,NA,NA,NA,NA,NA,66779510,28.0579,28.4299,25.6327,27.15
2022-01-27,147109575,311.12,311.7966,276.3333,276.3666,NA,NA,NA,NA,NA,NA,NA,NA,NA,NA,NA,NA,NA,NA,67318160,33.85,33.91,28.39,28.7
2022-01-26,104867290,317.4766,329.23,302,312.47,NA,NA,NA,NA,NA,NA,NA,NA,NA,NA,NA,NA,NA,NA,51058140,36.29,36.88,32.99,33.41
2022-01-25,86595909,304.7333,317.0866,301.07,306.1333,NA,NA,NA,NA,NA,NA,NA,NA,NA,NA,NA,NA,NA,NA,27029070,36.63,37.55,35.22,35.46
2022-01-24,152375145,301.5866,311.171,283.8233,310,NA,NA,NA,NA,NA,NA,NA,NA,NA,NA,NA,NA,NA,NA,46145340,36.14,37.88,34.12,37.75
2022-01-21,103416040,332.1133,334.85,313.5,314.6333,NA,NA,NA,NA,NA,NA,NA,NA,NA,NA,NA,NA,NA,NA,38254050,39.03,39.98,37.185,37.75
2022-01-20,70488757,336.5766,347.22,331.3333,332.09,NA,NA,NA,NA,NA,NA,NA,NA,NA,NA,NA,NA,NA,NA,45831930,41.51,42.95,38.69,38.72
2022-01-19,75442508,347.235,351.5566,331.6666,331.8833,NA,NA,NA,NA,NA,NA,NA,NA,NA,NA,NA,NA,NA,NA,36994620,39.48,42.44,39.44,40.03
2022-01-18,66989407,342.2016,356.9299,338.6866,343.5033,NA,NA,NA,NA,NA,NA,NA,NA,NA,NA,NA,NA,NA,NA,29645130,40.68,41.28,39,39.21
2022-01-14,72924427,339.96,350.6666,337.7929,349.87,NA,NA,NA,NA,NA,NA,NA,NA,NA,NA,NA,NA,NA,NA,33308390,40.975,43.3999,40.95,42.22
2022-01-13,97209790,369.6883,371.8666,342.1797,343.8533,NA,NA,NA,NA,NA,NA,NA,NA,NA,NA,NA,NA,NA,NA,36293050,45.73,46.29,41.36,41.41
2022-01-12,83739038,359.6166,371.6133,357.53,368.74,NA,NA,NA,NA,NA,NA,NA,NA,NA,NA,NA,NA,NA,NA,49592720,45.74,47.59,44.03,45.43
2022-01-11,66063217,351.2233,358.6166,346.2733,354.8,NA,NA,NA,NA,NA,NA,NA,NA,NA,NA,NA,NA,NA,NA,60554230,41.81,45.48,41.49,45.47
2022-01-10,91814889,333.3333,353.0333,326.6666,352.7066,NA,NA,NA,NA,NA,NA,NA,NA,NA,NA,NA,NA,NA,NA,44353340,40.63,43.1699,40.43,41.72
2022-01-07,84164768,360.1233,360.3099,336.6666,342.32,NA,NA,NA,NA,NA,NA,NA,NA,NA,NA,NA,NA,NA,NA,78419570,37.505,43.2899,37.5,41.98
2022-01-06,90336489,359,362.6666,340.1666,354.9,NA,NA,NA,NA,NA,NA,NA,NA,NA,NA,NA,NA,NA,NA,58375540,36.45,38.58,33.76,38.22
2022-01-05,80119808,382.2166,390.1133,360.3367,362.7066,NA,NA,NA,NA,NA,NA,NA,NA,NA,NA,NA,NA,NA,NA,43318800,38.68,39.06,36.13,36.68
2022-01-04,100248280,396.5166,402.6666,374.35,383.1966,NA,NA,NA,NA,NA,NA,NA,NA,NA,NA,NA,NA,NA,NA,30476880,40.75,41.29,38.38,39.41
2022-01-03,104686060,382.5833,400.3566,378.68,399.9266,NA,NA,NA,NA,NA,NA,NA,NA,NA,NA,NA,NA,NA,NA,45761800,38.55,41.76,37.96,40.93
2021-12-31,40733644,357.8148,360.6666,351.53,352.26,199,2021,"USA","CA","Tesla crashes into trees",2,1,1,0,0,2,NA,FALSE,NA,19561980,38.24,39.8,37.85,38.05
2021-12-30,47040935,353.7766,365.1833,351.05,356.78,NA,NA,NA,NA,NA,NA,NA,NA,NA,NA,NA,NA,NA,NA,36202930,36.68,39.5,36.68,38.75
2021-12-29,56154066,366.2133,368,354.7133,362.0633,NA,NA,NA,NA,NA,NA,NA,NA,NA,NA,NA,NA,NA,NA,25374700,36.725,37.1598,35.86,36.97
2021-12-28,60323916,369.83,372.9999,359.4733,362.8233,198,2021,"USA","CA","Multi-crash involving DUI",1,0,0,1,0,0,"3",TRUE,"13781-3900",28441470,37.78,38.35,36.75,36.98
2021-12-27,71145817,357.89,372.3333,356.905,364.6466,NA,NA,NA,NA,NA,NA,NA,NA,NA,NA,NA,NA,NA,NA,48622890,37.17,39.1615,35.53,38.64
2021-12-23,92713299,335.6,357.6589,332.52,355.6666,NA,NA,NA,NA,NA,NA,NA,NA,NA,NA,NA,NA,NA,NA,27703360,38.52,38.69,37.37,37.64
2021-12-22,93634089,321.8866,338.5533,319.0166,336.29,NA,NA,NA,NA,NA,NA,NA,NA,NA,NA,NA,NA,NA,NA,36620140,37.91,40.19,37.7,38.7
2021-12-21,71517937,305.6233,313.1666,295.3733,312.8433,NA,NA,NA,NA,NA,NA,NA,NA,NA,NA,NA,NA,NA,NA,38911540,38.25,39.33,36.75,38.02
2021-12-20,56480016,303.5666,307.2294,297.7966,299.98,NA,NA,NA,NA,NA,NA,NA,NA,NA,NA,NA,NA,NA,NA,38903700,38.03,39.71,36.92,37.99
2021-12-17,100880260,304.9233,320.2199,303.0133,310.8566,NA,NA,NA,NA,NA,NA,NA,NA,NA,NA,NA,NA,NA,NA,126157600,38.45,40.45,36.35,40.01
2021-12-16,82771448,331.5,331.66,307.2833,308.9733,NA,NA,NA,NA,NA,NA,NA,NA,NA,NA,NA,NA,NA,NA,55588970,41.09,42.5,39.51,40.05
2021-12-15,75169238,317.7366,326.2499,309.4167,325.33,NA,NA,NA,NA,NA,NA,NA,NA,NA,NA,NA,NA,NA,NA,59474710,39.37,41.69,38.8,40.81
2021-12-14,70806277,315,322.1366,310,319.5033,NA,NA,NA,NA,NA,NA,NA,NA,NA,NA,NA,NA,NA,NA,64374020,37.96,41.3,37.16,40.87
2021-12-13,78595508,333.6966,335,317.14,322.1366,NA,NA,NA,NA,NA,NA,NA,NA,NA,NA,NA,NA,NA,NA,82697470,39.99,40.29,36.84,39.15
2021-12-10,59664366,336.25,340.3265,327.51,339.01,NA,NA,NA,NA,NA,NA,NA,NA,NA,NA,NA,NA,NA,NA,91804040,38,39.08,35.8,37.66
2021-12-09,59438496,353.5466,354.1633,334.12,334.6,NA,NA,NA,NA,NA,NA,NA,NA,NA,NA,NA,NA,NA,NA,120872600,41.37,42.74,36.14,36.52
2021-12-08,41906374,350.9033,357.46,344.3333,356.32,NA,NA,NA,NA,NA,NA,NA,NA,NA,NA,NA,NA,NA,NA,50135880,42.6,45.4,41.34,44.72
2021-12-07,56084586,348.0666,352.5579,342.27,350.5833,NA,NA,NA,NA,NA,NA,NA,NA,NA,NA,NA,NA,NA,NA,57740790,46.505,47.25,43.0198,43.88
2021-12-06,81663128,333.8366,340.5466,316.8333,336.3366,NA,NA,NA,NA,NA,NA,NA,NA,NA,NA,NA,NA,NA,NA,103929800,40.025,45.75,38.06,44.86
2021-12-03,92322009,361.5966,363.5251,333.4033,338.3233,NA,NA,NA,NA,NA,NA,NA,NA,NA,NA,NA,NA,NA,NA,76441210,48.55,49.49,44.57,47.27
2021-12-02,73114867,366.3533,371,352.2166,361.5333,NA,NA,NA,NA,NA,NA,NA,NA,NA,NA,NA,NA,NA,NA,77168490,50.85,51.84,46.02,48.41
2021-12-01,68804107,386.8983,390.9466,363.5866,365,NA,NA,NA,NA,NA,NA,NA,NA,NA,NA,NA,NA,NA,NA,78869320,54.08,56.24,50.95,51.14
2021-11-30,81276128,381.4566,389.3333,372.6666,381.5866,NA,NA,NA,NA,NA,NA,NA,NA,NA,NA,NA,NA,NA,NA,92341590,54.43,56.7,51.6,52.98
2021-11-29,58393416,366.9966,380.89,366.73,378.9966,190,2021,"USA","CA","DUI crash with parked car",1,0,0,1,0,0,NA,FALSE,NA,76731430,52.03,55.33,50.71,55.06
2021-11-26,35042674,366.49,369.5942,360.3333,360.64,NA,NA,NA,NA,NA,NA,NA,NA,NA,NA,NA,NA,NA,NA,36708010,49.45,52.37,49.4131,51.72
2021-11-24,67680727,360.13,377.59,354,372,NA,NA,NA,NA,NA,NA,NA,NA,NA,NA,NA,NA,NA,NA,61225300,51.74,53.5,49.83,52.57
2021-11-23,108515111,389.17,393.4999,354.2333,369.6766,NA,NA,NA,NA,NA,NA,NA,NA,NA,NA,NA,NA,NA,NA,87998830,51.675,54.33,49.52,52.44
2021-11-22,99217540,387.4433,400.65,377.4766,385.6233,NA,NA,NA,NA,NA,NA,NA,NA,NA,NA,NA,NA,NA,NA,130761800,53.035,57.44,50.08,51.12
2021-11-19,64926786,366.29,379.5733,364.2333,379.02,NA,NA,NA,NA,NA,NA,NA,NA,NA,NA,NA,NA,NA,NA,166718400,47.16,55.4,47.15,55.21
2021-11-18,62696796,368.85,370.6666,358.34,365.46,NA,NA,NA,NA,NA,NA,NA,NA,NA,NA,NA,NA,NA,NA,131634800,49.03,49.67,43,47.05
2021-11-17,94336119,354.5033,373.2133,351.8333,363.0033,NA,NA,NA,NA,NA,NA,NA,NA,NA,NA,NA,NA,NA,NA,198386200,56.2,57.75,50.31,52.55
2021-11-16,79627088,334.4366,352.3999,334.06,351.5766,NA,NA,NA,NA,NA,NA,NA,NA,NA,NA,NA,NA,NA,NA,248654600,49.93,55.68,46.5086,55.52
2021-11-15,104326960,339.21,343.9933,326.2,337.7966,189,2021,"USA","CA","Pedestrian hit at crosswalk",1,0,0,0,0,1,NA,FALSE,NA,77111000,44.6,46.14,43.41,44.88
2021-11-12,76719458,349.1666,351.5,339.7333,344.4733,NA,NA,NA,NA,NA,NA,NA,NA,NA,NA,NA,NA,NA,NA,41015330,44,45.19,42.74,43.93
2021-11-11,67189717,367.59,368.3233,351.56,354.5033,NA,NA,NA,NA,NA,NA,NA,NA,NA,NA,NA,NA,NA,NA,69846270,42.75,45.75,41.74,44.98
2021-11-10,128408173,336.8033,359.3666,329.1033,355.9833,NA,NA,NA,NA,NA,NA,NA,NA,NA,NA,NA,NA,NA,NA,79342770,42.3,45,39.3405,40.75
2021-11-09,177317538,391.2,391.5,337.1733,341.1666,NA,NA,NA,NA,NA,NA,NA,NA,NA,NA,NA,NA,NA,NA,90177660,47.48,48.04,42.15,44.78
2021-11-08,100337170,383.2616,399,377.6666,387.6466,NA,NA,NA,NA,NA,NA,NA,NA,NA,NA,NA,NA,NA,NA,154195400,43.54,47.87,43.04,45.92
2021-11-05,64886436,409.3333,413.29,402.6666,407.3633,NA,NA,NA,NA,NA,NA,NA,NA,NA,NA,NA,NA,NA,NA,113881100,37.5,41.92,36.17,41.8
2021-11-04,76192238,411.47,414.4966,405.6666,409.97,NA,NA,NA,NA,NA,NA,NA,NA,NA,NA,NA,NA,NA,NA,40730350,37.38,37.7,36.07,37.12
2021-11-03,103885570,392.4433,405.13,384.2066,404.62,NA,NA,NA,NA,NA,NA,NA,NA,NA,NA,NA,NA,NA,NA,61133740,34.23,37.38,34.23,36.545
2021-11-02,128213413,386.4516,402.8633,382,390.6666,NA,NA,NA,NA,NA,NA,NA,NA,NA,NA,NA,NA,NA,NA,75032520,34.565,35.39,33.02,35.13
2021-11-01,168146177,381.6666,403.25,372.8866,402.8633,NA,NA,NA,NA,NA,NA,NA,NA,NA,NA,NA,NA,NA,NA,121435300,39.995,40.17,35.73,36.53
2021-10-29,89755269,360.62,371.7366,357.735,371.3333,NA,NA,NA,NA,NA,NA,NA,NA,NA,NA,NA,NA,NA,NA,221097400,38.25,41.6,35.43,36.99
2021-10-28,81639518,356.1016,360.3333,351.4,359.0133,184,2021,"USA","GA","Multi-collision event on highway",1,0,0,1,0,0,NA,FALSE,NA,377220900,28.54,39.78,28.08,35.48
2021-10-27,115579392,346.5533,356.96,343.5933,345.9533,NA,NA,NA,NA,NA,NA,NA,NA,NA,NA,NA,NA,NA,NA,52224560,27.69,28.94,26.73,27.02
2021-10-26,187244929,341.5633,364.98,333.8133,339.4766,NA,NA,NA,NA,NA,NA,NA,NA,NA,NA,NA,NA,NA,NA,40979460,26.85,28.2,26.05,26.38
2021-10-25,188556319,316.8433,348.34,314.7333,341.62,NA,NA,NA,NA,NA,NA,NA,NA,NA,NA,NA,NA,NA,NA,53941830,24.88,27.4,24.7021,26.85
2021-10-22,68642527,298.5,303.3333,296.9866,303.2266,NA,NA,NA,NA,NA,NA,NA,NA,NA,NA,NA,NA,NA,NA,16383980,24.03,24.19,23.41,24.11
2021-10-21,94444359,285.3333,300,285.1682,298,NA,NA,NA,NA,NA,NA,NA,NA,NA,NA,NA,NA,NA,NA,21810290,24.3,25.05,24.04,24.46
2021-10-20,42096154,288.45,289.83,285.7933,288.6,NA,NA,NA,NA,NA,NA,NA,NA,NA,NA,NA,NA,NA,NA,15462940,24.76,25.27,24.14,24.24
2021-10-19,52143395,292.51,292.65,287.5033,288.09,NA,NA,NA,NA,NA,NA,NA,NA,NA,NA,NA,NA,NA,NA,16034670,25.41,25.61,24.48,24.73
2021-10-18,72621727,283.93,291.7533,283.8233,290.0366,NA,NA,NA,NA,NA,NA,NA,NA,NA,NA,NA,NA,NA,NA,26253610,23.99,25.66,23.97,25.34
2021-10-15,56773716,274.5793,281.07,274.1166,281.01,183,2021,"USA","AZ","Toyota hits Tesla",1,0,0,1,0,0,NA,FALSE,NA,14891500,23.84,24.2199,23.43,24.08
2021-10-14,36741514,271.83,273.4166,271.1167,272.7733,NA,NA,NA,NA,NA,NA,NA,NA,NA,NA,NA,NA,NA,NA,20756120,22.51,24.1,22.5,24.01
2021-10-13,42360244,270.1566,271.8033,268.5933,270.36,NA,NA,NA,NA,NA,NA,NA,NA,NA,NA,NA,NA,NA,NA,20437420,22.85,23.02,22.11,22.59
2021-10-12,66060127,266.9766,270.7733,265.5233,268.5733,NA,NA,NA,NA,NA,NA,NA,NA,NA,NA,NA,NA,NA,NA,23871710,23.14,23.65,22.66,23.06
2021-10-11,42600964,262.55,267.08,261.8333,263.98,NA,NA,NA,NA,NA,NA,NA,NA,NA,NA,NA,NA,NA,NA,21974460,23.63,23.64,22.68,22.87
2021-10-08,50215805,265.4033,265.46,260.3033,261.83,NA,NA,NA,NA,NA,NA,NA,NA,NA,NA,NA,NA,NA,NA,25071030,24.32,24.53,23.0408,23.23
2021-10-07,57587346,261.82,268.3333,261.1266,264.5366,NA,NA,NA,NA,NA,NA,NA,NA,NA,NA,NA,NA,NA,NA,17543530,24.55,24.72,24.04,24.38
2021-10-06,43898314,258.7333,262.22,257.74,260.9166,NA,NA,NA,NA,NA,NA,NA,NA,NA,NA,NA,NA,NA,NA,19270710,23.55,24.55,23.41,24.29
2021-10-05,55297896,261.5986,265.77,258.0666,260.1966,NA,NA,NA,NA,NA,NA,NA,NA,NA,NA,NA,NA,NA,NA,21742710,24.18,24.785,23.86,24.02
2021-10-04,91450029,265.5,268.9899,258.7066,260.51,NA,NA,NA,NA,NA,NA,NA,NA,NA,NA,NA,NA,NA,NA,28779610,24.76,25.03,23.535,24.14
2021-10-01,51094235,259.4666,260.26,254.53,258.4066,NA,NA,NA,NA,NA,NA,NA,NA,NA,NA,NA,NA,NA,NA,30696050,25.51,25.75,24.21,24.61
2021-09-30,53867885,260.3333,263.0435,258.3333,258.4933,NA,NA,NA,NA,NA,NA,NA,NA,NA,NA,NA,NA,NA,NA,46844020,27.122,27.14,25.09,25.38
2021-09-29,62828646,259.9333,264.5,256.8933,260.4366,NA,NA,NA,NA,NA,NA,NA,NA,NA,NA,NA,NA,NA,NA,120691800,26.45,28.39,26.01,26.28
2021-09-28,76144268,262.4,265.2133,255.3933,259.1866,NA,NA,NA,NA,NA,NA,NA,NA,NA,NA,NA,NA,NA,NA,38136570,25.97,26.41,24.15,24.54
2021-09-27,84211988,257.7066,266.3333,256.4366,263.7866,NA,NA,NA,NA,NA,NA,NA,NA,NA,NA,NA,NA,NA,NA,44696220,25.86,27.27,25.7406,25.89
2021-09-24,64119066,248.63,258.2666,248.1866,258.13,NA,NA,NA,NA,NA,NA,NA,NA,NA,NA,NA,NA,NA,NA,26633640,25.26,25.66,24.3872,25.43
2021-09-23,35842594,251.6666,252.7333,249.3066,251.2133,NA,NA,NA,NA,NA,NA,NA,NA,NA,NA,NA,NA,NA,NA,38764880,25.57,26.13,24.62,25.42
2021-09-22,45378815,247.8421,251.2233,246.3733,250.6466,NA,NA,NA,NA,NA,NA,NA,NA,NA,NA,NA,NA,NA,NA,87320510,27.735,28.21,24.28,24.95
2021-09-21,48992165,244.93,248.2466,243.48,246.46,NA,NA,NA,NA,NA,NA,NA,NA,NA,NA,NA,NA,NA,NA,114795900,24.78,27.93,24.57,26.81
2021-09-20,74272957,244.8525,247.3333,239.5416,243.39,NA,NA,NA,NA,NA,NA,NA,NA,NA,NA,NA,NA,NA,NA,68142970,22.025,24.22,21.66,24.07
2021-09-17,84612548,252.3833,253.68,250,253.1633,NA,NA,NA,NA,NA,NA,NA,NA,NA,NA,NA,NA,NA,NA,104115600,22.42,23.51,21.9033,22.96
2021-09-16,41770174,250.9433,252.97,249.2033,252.33,NA,NA,NA,NA,NA,NA,NA,NA,NA,NA,NA,NA,NA,NA,45927400,20.845,21.6,20.36,21.17
2021-09-15,46073075,248.3333,252.2866,246.12,251.9433,NA,NA,NA,NA,NA,NA,NA,NA,NA,NA,NA,NA,NA,NA,32280700,19.37,20.16,19.05,19.91
2021-09-14,55574646,247.5233,251.49,245.4666,248.1633,NA,NA,NA,NA,NA,NA,NA,NA,NA,NA,NA,NA,NA,NA,24118280,19.19,19.74,18.7,18.95
2021-09-13,68857447,246.738,248.26,236.2833,247.6666,NA,NA,NA,NA,NA,NA,NA,NA,NA,NA,NA,NA,NA,NA,15778410,20.265,20.59,19.66,20.06
2021-09-10,45552515,253.2,254.2033,244.84,245.4233,NA,NA,NA,NA,NA,NA,NA,NA,NA,NA,NA,NA,NA,NA,16229060,20.183,20.62,19.9,19.93
2021-09-09,42233194,251.1366,254.0333,250.5433,251.62,NA,NA,NA,NA,NA,NA,NA,NA,NA,NA,NA,NA,NA,NA,21788590,19.22,20.06,19.09,19.85
2021-09-08,56379126,253.86,254.8166,246.9244,251.29,NA,NA,NA,NA,NA,NA,NA,NA,NA,NA,NA,NA,NA,NA,20956100,19.93,20.0259,18.7,18.93
2021-09-07,60119496,246.6666,253.4,246.42,250.9733,NA,NA,NA,NA,NA,NA,NA,NA,NA,NA,NA,NA,NA,NA,19835060,19.8,19.95,19.01,19.89
2021-09-03,45813155,244.083,244.6666,241.4,244.5233,NA,NA,NA,NA,NA,NA,NA,NA,NA,NA,NA,NA,NA,NA,25287800,18.835,19.76,18.67,19.56
2021-09-02,38390224,244.8333,246.99,243.5133,244.13,NA,NA,NA,NA,NA,NA,NA,NA,NA,NA,NA,NA,NA,NA,38521800,18.44,18.919,18,18.66
2021-09-01,39613024,244.6933,247.33,243.7567,244.6966,NA,NA,NA,NA,NA,NA,NA,NA,NA,NA,NA,NA,NA,NA,149611900,16.12,18.44,16.12,17.79
2021-08-31,62566326,244.3333,246.7966,242.1466,245.24,NA,NA,NA,NA,NA,NA,NA,NA,NA,NA,NA,NA,NA,NA,11454700,20.28,20.68,19.92,19.96
2021-08-30,55812666,238.2383,243.6666,237.5766,243.6366,NA,NA,NA,NA,NA,NA,NA,NA,NA,NA,NA,NA,NA,NA,14999200,20.85,20.88,19.86,20.63
2021-08-27,41501284,235,238.3333,234.0333,237.3066,NA,NA,NA,NA,NA,NA,NA,NA,NA,NA,NA,NA,NA,NA,11926950,21.45,21.53,20.9,21.03
2021-08-26,39642874,236.1033,238.4666,232.54,233.72,NA,NA,NA,NA,NA,NA,NA,NA,NA,NA,NA,NA,NA,NA,9094854,21.84,22.07,21.4,21.48
2021-08-25,37936684,235.6766,238.99,234.6666,237.0666,NA,NA,NA,NA,NA,NA,NA,NA,NA,NA,NA,NA,NA,NA,11667300,22.25,22.5,21.77,21.81
2021-08-24,39249214,236.8933,238.4066,234.2133,236.1633,NA,NA,NA,NA,NA,NA,NA,NA,NA,NA,NA,NA,NA,NA,10277870,21.94,22.97,21.78,22.83
2021-08-23,60794586,228.4806,237.3766,226.9168,235.4333,NA,NA,NA,NA,NA,NA,NA,NA,NA,NA,NA,NA,NA,NA,7098570,22.01,22.1095,21.42,21.65
2021-08-20,44525614,227.6166,230.7099,224.5666,226.7533,NA,NA,NA,NA,NA,NA,NA,NA,NA,NA,NA,NA,NA,NA,5277663,21.751,22.1,21.6,21.67
2021-08-19,42940474,226.07,228.85,222.53,224.49,NA,NA,NA,NA,NA,NA,NA,NA,NA,NA,NA,NA,NA,NA,6603914,22.18,22.61,21.51,21.71
2021-08-18,61048146,223.2493,231.9233,223.1166,229.6633,NA,NA,NA,NA,NA,NA,NA,NA,NA,NA,NA,NA,NA,NA,5873884,22.93,22.93,22.1524,22.55
2021-08-17,71163847,224.22,224.86,216.28,221.9033,NA,NA,NA,NA,NA,NA,NA,NA,NA,NA,NA,NA,NA,NA,7076970,22.24,22.77,22.13,22.56
2021-08-16,69309907,235.0233,236.5,225.4666,228.7233,NA,NA,NA,NA,NA,NA,NA,NA,NA,NA,NA,NA,NA,NA,7534740,23.045,23.32,22.43,22.83
2021-08-13,50194415,241.2366,243.3,238.1133,239.0566,NA,NA,NA,NA,NA,NA,NA,NA,NA,NA,NA,NA,NA,NA,5877261,23.71,24.25,23.42,23.48
2021-08-12,53045075,235.4466,240.9333,233.1333,240.75,NA,NA,NA,NA,NA,NA,NA,NA,NA,NA,NA,NA,NA,NA,7516851,24.31,24.5,23.81,23.85
2021-08-11,29401677,237.57,238.3933,234.7366,235.94,NA,NA,NA,NA,NA,NA,NA,NA,NA,NA,NA,NA,NA,NA,8009064,24.97,25,24.02,24.47
2021-08-10,40296934,237.9966,238.8633,233.96,236.6633,NA,NA,NA,NA,NA,NA,NA,NA,NA,NA,NA,NA,NA,NA,11923640,23.88,25.24,23.7,24.46
2021-08-09,44146054,236.7233,239.6766,235.0433,237.92,NA,NA,NA,NA,NA,NA,NA,NA,NA,NA,NA,NA,NA,NA,6489620,23.4,23.62,23.03,23.5
2021-08-06,46869155,237.3,238.7766,232.5433,233.0333,NA,NA,NA,NA,NA,NA,NA,NA,NA,NA,NA,NA,NA,NA,7686486,22.935,23.91,22.8,23.38
2021-08-05,38758924,238.6666,240.3166,237.1366,238.21,NA,NA,NA,NA,NA,NA,NA,NA,NA,NA,NA,NA,NA,NA,6573552,22.92,23.29,22.7,22.75
2021-08-04,51007955,237,241.6333,236.31,236.9733,NA,NA,NA,NA,NA,NA,NA,NA,NA,NA,NA,NA,NA,NA,7015099,23.48,23.49,22.54,22.63
2021-08-03,64860756,239.6666,240.8833,233.67,236.58,NA,NA,NA,NA,NA,NA,NA,NA,NA,NA,NA,NA,NA,NA,8579415,23.93,23.95,22.955,23.58
2021-08-02,100847320,233.3333,242.3133,232.8,236.5566,NA,NA,NA,NA,NA,NA,NA,NA,NA,NA,NA,NA,NA,NA,7894394,24.193,24.24,23.45,23.77
2021-07-30,88969239,223.9193,232.51,223,229.0666,NA,NA,NA,NA,NA,NA,NA,NA,NA,NA,NA,NA,NA,NA,11144840,22.948,24.23,22.94,23.72
2021-07-29,91183929,216.5966,227.8966,216.2666,225.7833,NA,NA,NA,NA,NA,NA,NA,NA,NA,NA,NA,NA,NA,NA,10494590,24.54,24.6986,23.25,23.35
2021-07-28,48019805,215.665,218.3233,213.1333,215.66,NA,NA,NA,NA,NA,NA,NA,NA,NA,NA,NA,NA,NA,NA,12580430,25.714,26.2,23.98,24.08
2021-07-27,98439880,221.1333,222.1666,209.08,214.9266,NA,NA,NA,NA,NA,NA,NA,NA,NA,NA,NA,NA,NA,NA,16184060,27.49,27.55,25.11,25.18
2021-07-26,76009688,216.99,222.7333,215.7033,219.2066,NA,NA,NA,NA,NA,NA,NA,NA,NA,NA,NA,NA,NA,NA,31573180,25.24,29.03,24.32,26.83
2021-07-23,43814824,215.4533,216.2666,212.4333,214.46,NA,NA,NA,NA,NA,NA,NA,NA,NA,NA,NA,NA,NA,NA,17905570,24.02,24.55,22.5501,24.25
2021-07-22,45317195,218.8142,220.7233,214.8667,216.42,NA,NA,NA,NA,NA,NA,NA,NA,NA,NA,NA,NA,NA,NA,11069750,23.33,24.18,22.3,22.9
2021-07-21,41860024,219.87,221.6199,216.7633,218.43,NA,NA,NA,NA,NA,NA,NA,NA,NA,NA,NA,NA,NA,NA,12470210,24.48,24.9297,22.66,23.43
2021-07-20,46461395,217.33,220.7972,213.5003,220.1666,NA,NA,NA,NA,NA,NA,NA,NA,NA,NA,NA,NA,NA,NA,12194520,22.81,24.74,22.1501,24.28
2021-07-19,63891276,209.9633,215.7333,207.0966,215.4066,NA,NA,NA,NA,NA,NA,NA,NA,NA,NA,NA,NA,NA,NA,10564430,21.99,22.6599,20.9,22.2
2021-07-16,49112915,218.2266,218.8999,214.0666,214.74,NA,NA,NA,NA,NA,NA,NA,NA,NA,NA,NA,NA,NA,NA,8912891,23.4,23.85,22.3,22.79
2021-07-15,60628716,219.4633,222.0466,212.6266,216.8666,NA,NA,NA,NA,NA,NA,NA,NA,NA,NA,NA,NA,NA,NA,10345300,24,24.33,22.56,22.96
2021-07-14,64923576,223.5833,226.2033,217.6133,217.7933,NA,NA,NA,NA,NA,NA,NA,NA,NA,NA,NA,NA,NA,NA,12667130,25.4,25.7,23.77,23.79
2021-07-13,62898276,228.7733,231.0933,222.0986,222.8466,NA,NA,NA,NA,NA,NA,NA,NA,NA,NA,NA,NA,NA,NA,8561521,26.53,27.11,25.77,25.91
2021-07-12,77781128,220.7333,229.08,220.7203,228.5666,NA,NA,NA,NA,NA,NA,NA,NA,NA,NA,NA,NA,NA,NA,12657430,25.91,27.4,25.71,26.85
2021-07-09,54421655,217.7283,219.6366,214.8966,218.9833,NA,NA,NA,NA,NA,NA,NA,NA,NA,NA,NA,NA,NA,NA,7230164,25.34,26.37,25.24,25.55
2021-07-08,68319967,209.4566,218.1433,206.82,217.6033,NA,NA,NA,NA,NA,NA,NA,NA,NA,NA,NA,NA,NA,NA,9235841,23.99,25.55,23.54,24.96
2021-07-07,56375886,221.4233,221.9,212.7733,214.8833,NA,NA,NA,NA,NA,NA,NA,NA,NA,NA,NA,NA,NA,NA,9286414,26.52,26.89,24.762,25.52
2021-07-06,69853357,227.2371,228,217.1334,219.86,NA,NA,NA,NA,NA,NA,NA,NA,NA,NA,NA,NA,NA,NA,9302762,27.5,28,26.35,26.38
2021-07-02,81292118,226.3266,233.3333,224.42,226.3,NA,NA,NA,NA,NA,NA,NA,NA,NA,NA,NA,NA,NA,NA,9188877,28.12,28.19,26.68,27.02
2021-07-01,55903566,227.9733,229.33,224.2666,225.9733,NA,NA,NA,NA,NA,NA,NA,NA,NA,NA,NA,NA,NA,NA,18459210,28.99,29.81,27.41,27.72
2021-06-30,56774586,226.59,230.9366,226.0466,226.5666,NA,NA,NA,NA,NA,NA,NA,NA,NA,NA,NA,NA,NA,NA,19647190,26.2,28.95,25.68,28.82
2021-06-29,52143935,228.2166,229.1699,225.2966,226.92,NA,NA,NA,NA,NA,NA,NA,NA,NA,NA,NA,NA,NA,NA,8562814,27.34,27.4,26.22,26.32
2021-06-28,64884486,223.88,231.5666,223.44,229.5733,NA,NA,NA,NA,NA,NA,NA,NA,NA,NA,NA,NA,NA,NA,18705900,26.23,27.38,26.0254,27
2021-06-25,97490140,229.86,231.27,222.9,223.9566,NA,NA,NA,NA,NA,NA,NA,NA,NA,NA,NA,NA,NA,NA,11453440,25.7,25.95,25.01,25.18
2021-06-24,137947184,224.9966,232.54,222.5366,226.6066,NA,NA,NA,NA,NA,NA,NA,NA,NA,NA,NA,NA,NA,NA,14444570,25.59,26.28,24.8,24.85
2021-06-23,93297699,210.6666,219.068,210.0133,218.8566,NA,NA,NA,NA,NA,NA,NA,NA,NA,NA,NA,NA,NA,NA,13373000,23.79,25.1,23.32,25.06
2021-06-22,57476676,206.0833,209.5231,205.1666,207.9033,NA,NA,NA,NA,NA,NA,NA,NA,NA,NA,NA,NA,NA,NA,5874113,23.02,23.6,22.45,23.42
2021-06-21,74438227,208.16,210.4633,202.96,206.9433,NA,NA,NA,NA,NA,NA,NA,NA,NA,NA,NA,NA,NA,NA,4965579,23.7,23.71,22.75,22.96
2021-06-18,73682737,204.4566,209.45,203.9333,207.77,NA,NA,NA,NA,NA,NA,NA,NA,NA,NA,NA,NA,NA,NA,4621324,23.25,23.83,23.18,23.4
2021-06-17,68104057,200.6293,207.1566,200.4466,205.5333,NA,NA,NA,NA,NA,NA,NA,NA,NA,NA,NA,NA,NA,NA,6905978,23.44,24.3543,23.33,23.55
2021-06-16,66432397,199.1783,202.8333,197.8333,201.6233,NA,NA,NA,NA,NA,NA,NA,NA,NA,NA,NA,NA,NA,NA,9957066,22.19,24.1,22.05,24.04
2021-06-15,53292455,205.5633,205.5966,199.41,199.7866,NA,NA,NA,NA,NA,NA,NA,NA,NA,NA,NA,NA,NA,NA,11218590,23.99,24.03,22.55,22.61
2021-06-14,61271946,204.0766,208.4966,203.06,205.8966,NA,NA,NA,NA,NA,NA,NA,NA,NA,NA,NA,NA,NA,NA,7687892,25.16,25.16,24.01,24.12
2021-06-11,48615905,203.41,204.1866,200.5066,203.2966,NA,NA,NA,NA,NA,NA,NA,NA,NA,NA,NA,NA,NA,NA,7269018,25.6,25.6,24.7,25.14
2021-06-10,71758837,201.2933,205.53,200.1666,203.3733,NA,NA,NA,NA,NA,NA,NA,NA,NA,NA,NA,NA,NA,NA,11300540,26.47,26.48,24.56,25.38
2021-06-09,49753715,200.7233,203.93,199.21,199.5933,NA,NA,NA,NA,NA,NA,NA,NA,NA,NA,NA,NA,NA,NA,13900240,26.88,27.4,26.15,26.49
2021-06-08,78160238,207.67,207.6966,198.5,201.1966,NA,NA,NA,NA,NA,NA,NA,NA,NA,NA,NA,NA,NA,NA,22753890,27.3,27.88,24.7,26.64
2021-06-07,67631047,197.275,203.3333,194.2933,201.71,NA,NA,NA,NA,NA,NA,NA,NA,NA,NA,NA,NA,NA,NA,23162370,24.8,26.54,24.31,26.5
2021-06-04,72110707,193.2366,200.2033,192.4,199.6833,NA,NA,NA,NA,NA,NA,NA,NA,NA,NA,NA,NA,NA,NA,12911200,24.07,24.33,23.38,23.95
2021-06-03,90335679,200.6,201.5166,190.4066,190.9466,NA,NA,NA,NA,NA,NA,NA,NA,NA,NA,NA,NA,NA,NA,18875700,23.25,24.59,22.01,22.96
2021-06-02,69908347,206.71,207.7866,199.7133,201.7066,NA,NA,NA,NA,NA,NA,NA,NA,NA,NA,NA,NA,NA,NA,21110830,22.05,23.63,21.635,23.56
2021-06-01,54254675,209.2666,211.2666,206.85,207.9666,NA,NA,NA,NA,NA,NA,NA,NA,NA,NA,NA,NA,NA,NA,22530410,20,22.41,19.78,21.56
2021-05-28,68211127,209.5,211.8633,207.46,208.4066,NA,NA,NA,NA,NA,NA,NA,NA,NA,NA,NA,NA,NA,NA,6933252,19.55,20.17,19.5,19.72
2021-05-27,79111778,206.7466,210.3766,205.4033,210.2833,NA,NA,NA,NA,NA,NA,NA,NA,NA,NA,NA,NA,NA,NA,7189046,20.18,20.19,19.45,19.88
2021-05-26,85917939,202.52,208.7233,200.5,206.3766,NA,NA,NA,NA,NA,NA,NA,NA,NA,NA,NA,NA,NA,NA,15699650,20.25,21.1,19.711,19.99
2021-05-25,84017798,202.4366,204.6633,198.57,201.5633,NA,NA,NA,NA,NA,NA,NA,NA,NA,NA,NA,NA,NA,NA,15197360,19.6,20.58,19.13,20.28
2021-05-24,103674280,193.8666,204.8266,191.2166,202.1466,NA,NA,NA,NA,NA,NA,NA,NA,NA,NA,NA,NA,NA,NA,6796158,20.15,20.18,19.33,19.4
2021-05-21,78091808,198.7033,198.8933,193.3333,193.6266,NA,NA,NA,NA,NA,NA,NA,NA,NA,NA,NA,NA,NA,NA,6881539,20.17,20.37,19.508,19.81
2021-05-20,92463369,191.6666,196.2833,190.3566,195.5933,NA,NA,NA,NA,NA,NA,NA,NA,NA,NA,NA,NA,NA,NA,7769759,19.17,20.05,19.15,19.79
2021-05-19,118735212,184.1833,188.7366,182.3266,187.82,NA,NA,NA,NA,NA,NA,NA,NA,NA,NA,NA,NA,NA,NA,6402767,18.91,19.05,18.61,18.97
2021-05-18,110491721,189.3333,198.75,187.7933,192.6233,NA,NA,NA,NA,NA,NA,NA,NA,NA,NA,NA,NA,NA,NA,11575490,18.69,19.67,18.52,19.38
2021-05-17,96743410,191.851,196.5766,187.0666,192.2766,NA,NA,NA,NA,NA,NA,NA,NA,NA,NA,NA,NA,NA,NA,6314430,18.23,18.71,18.03,18.31
2021-05-14,100112590,194.47,197.6233,190.1533,196.58,NA,NA,NA,NA,NA,NA,NA,NA,NA,NA,NA,NA,NA,NA,6623155,17.76,18.16,17.51,17.94
2021-05-13,132554773,200.515,202.1533,186.55,190.5633,NA,NA,NA,NA,NA,NA,NA,NA,NA,NA,NA,NA,NA,NA,13384670,17.9,18.86,17.25,17.25
2021-05-12,101470960,200.83,206.8033,195.5883,196.63,NA,NA,NA,NA,NA,NA,NA,NA,NA,NA,NA,NA,NA,NA,7991241,18.25,18.54,17.75,17.8
2021-05-11,139511714,199.7466,209.0333,198.5333,205.7333,NA,NA,NA,NA,NA,NA,NA,NA,NA,NA,NA,NA,NA,NA,14343010,17.69,18.9,17.4,18.6
2021-05-10,94177269,221.6333,221.6833,209.2033,209.68,NA,NA,NA,NA,NA,NA,NA,NA,NA,NA,NA,NA,NA,NA,9802718,19.54,19.57,18.63,18.64
2021-05-07,70407517,221.9333,230,220.0733,224.1233,NA,NA,NA,NA,NA,NA,NA,NA,NA,NA,NA,NA,NA,NA,14552670,19.05,19.72,18.75,19.28
2021-05-06,83353868,226.92,227.0066,216.6666,221.18,NA,NA,NA,NA,NA,NA,NA,NA,NA,NA,NA,NA,NA,NA,10453540,19.18,19.35,18.58,18.96
2021-05-05,65705677,227.02,228.4318,222.4466,223.6466,NA,NA,NA,NA,NA,NA,NA,NA,NA,NA,NA,NA,NA,NA,4697422,19.68,20.22,19.12,19.18
2021-05-04,89217969,226.3133,227.8154,219.2336,224.5333,NA,NA,NA,NA,NA,NA,NA,NA,NA,NA,NA,NA,NA,NA,12509840,19.59,19.84,18.95,19.17
2021-05-03,81129428,234.6,235.3333,226.8333,228.3,NA,NA,NA,NA,NA,NA,NA,NA,NA,NA,NA,NA,NA,NA,13445670,21.19,21.19,19.88,19.91
2021-04-30,122276172,222.53,238.49,222.0466,236.48,NA,NA,NA,NA,NA,NA,NA,NA,NA,NA,NA,NA,NA,NA,10569670,21.35,22.03,21.09,21.09
2021-04-29,86536359,233.17,234.0833,222.8334,225.6666,NA,NA,NA,NA,NA,NA,NA,NA,NA,NA,NA,NA,NA,NA,11527080,23.29,23.39,21.53,22.07
2021-04-28,66813157,232.1366,236.1666,231.2,231.4666,NA,NA,NA,NA,NA,NA,NA,NA,NA,NA,NA,NA,NA,NA,19167620,22.55,24.24,22.1,23.04
2021-04-27,88311009,239.32,241.3333,234.45,234.9133,NA,NA,NA,NA,NA,NA,NA,NA,NA,NA,NA,NA,NA,NA,18122280,24.07,24.33,22.5,22.74
2021-04-26,93115509,247,249.7666,244.2017,246.0666,NA,NA,NA,NA,NA,NA,NA,NA,NA,NA,NA,NA,NA,NA,55779540,20.67,24.29,20.41,23.87
2021-04-23,85241679,239.9333,245.7866,238.4866,243.1333,NA,NA,NA,NA,NA,NA,NA,NA,NA,NA,NA,NA,NA,NA,13232790,19.7,20.73,19.61,20.55
2021-04-22,106770791,247.1666,251.2566,239.3466,239.8966,NA,NA,NA,NA,NA,NA,NA,NA,NA,NA,NA,NA,NA,NA,17422620,20.2,20.65,18.9,19.66
2021-04-21,93646539,234.9233,248.28,232.6666,248.04,NA,NA,NA,NA,NA,NA,NA,NA,NA,NA,NA,NA,NA,NA,22545170,18.3,19.89,17.62,19.89
2021-04-20,106827131,239.14,245.75,236.895,239.6633,NA,NA,NA,NA,NA,NA,NA,NA,NA,NA,NA,NA,NA,NA,18227300,19.52,19.72,18.31,18.45
2021-04-19,119058702,239.8666,241.8,230.6,238.21,NA,NA,NA,NA,NA,NA,NA,NA,NA,NA,NA,NA,NA,NA,19552360,19.87,20.33,18.68,19.54
2021-04-16,83938598,242.8833,249.8033,241.5333,246.5933,NA,NA,NA,NA,NA,NA,NA,NA,NA,NA,NA,NA,NA,NA,17044020,20.07,20.5,19.25,19.52
2021-04-15,83546708,247.7,247.8966,240.4366,246.2833,NA,NA,NA,NA,NA,NA,NA,NA,NA,NA,NA,NA,NA,NA,25602180,21.83,22.1,19.82,20.12
2021-04-14,147052305,256.9,260.2633,242.6766,244.0766,NA,NA,NA,NA,NA,NA,NA,NA,NA,NA,NA,NA,NA,NA,11900770,22.02,22.25,21.54,21.73
2021-04-13,133958443,237.5666,254.3333,236.8866,254.1066,NA,NA,NA,NA,NA,NA,NA,NA,NA,NA,NA,NA,NA,NA,16121590,21.96,22.72,21.57,22.09
2021-04-12,87407019,228.5666,234.9333,227.3633,233.9933,NA,NA,NA,NA,NA,NA,NA,NA,NA,NA,NA,NA,NA,NA,10594110,22.93,23.45,21.77,22.03
2021-04-09,64311276,225.9233,226.99,223.1433,225.6733,NA,NA,NA,NA,NA,NA,NA,NA,NA,NA,NA,NA,NA,NA,7636388,22.98,23.34,22.76,22.97
2021-04-08,71772997,225.7933,229.8499,223.8816,227.9333,NA,NA,NA,NA,NA,NA,NA,NA,NA,NA,NA,NA,NA,NA,7922294,23.06,23.3699,22.66,23.16
2021-04-07,78928298,229,230.46,222.6133,223.6566,NA,NA,NA,NA,NA,NA,NA,NA,NA,NA,NA,NA,NA,NA,15341860,24.11,24.47,22.7,22.82
2021-04-06,84815528,230.1,232.1833,227.1233,230.54,NA,NA,NA,NA,NA,NA,NA,NA,NA,NA,NA,NA,NA,NA,19840000,23.05,24.96,23.02,24.46
2021-04-05,125528323,235.9033,236.0533,228.2333,230.35,NA,NA,NA,NA,NA,NA,NA,NA,NA,NA,NA,NA,NA,NA,13238230,24.55,24.61,23,23
2021-04-01,105895151,229.4566,230.8067,219.8066,220.5833,NA,NA,NA,NA,NA,NA,NA,NA,NA,NA,NA,NA,NA,NA,12839760,24.25,24.47,23.21,23.78
2021-03-31,100011880,215.54,224,213.7033,222.6433,NA,NA,NA,NA,NA,NA,NA,NA,NA,NA,NA,NA,NA,NA,15298880,24.06,24.228,22.78,23.18
2021-03-30,118297092,200.5833,212.5533,197.0033,211.8733,NA,NA,NA,NA,NA,NA,NA,NA,NA,NA,NA,NA,NA,NA,18201220,21.18,23.65,21.07,23.51
2021-03-29,85910979,205.2133,205.4933,198.6733,203.7633,NA,NA,NA,NA,NA,NA,NA,NA,NA,NA,NA,NA,NA,NA,21663590,22.88,22.96,21.35,21.35
2021-03-26,101558500,213.9566,214.6066,199.9633,206.2366,NA,NA,NA,NA,NA,NA,NA,NA,NA,NA,NA,NA,NA,NA,18171670,23.06,23.92,22.07,23.02
2021-03-25,117674562,204.3333,215.1666,203.1666,213.4633,NA,NA,NA,NA,NA,NA,NA,NA,NA,NA,NA,NA,NA,NA,30779780,21.71,24.24,21.02,24.03
2021-03-24,101385520,222.6366,222.6733,210.0366,210.09,NA,NA,NA,NA,NA,NA,NA,NA,NA,NA,NA,NA,NA,NA,24048720,24.45,24.48,22.24,22.56
2021-03-23,91475619,225.2566,225.9333,219.17,220.72,NA,NA,NA,NA,NA,NA,NA,NA,NA,NA,NA,NA,NA,NA,23012620,26.15,26.22,23.75,24.05
2021-03-22,118536672,228.1966,233.2066,222.9166,223.3333,NA,NA,NA,NA,NA,NA,NA,NA,NA,NA,NA,NA,NA,NA,16147160,27.48,27.63,26.02,26.15
2021-03-19,128681953,215.5333,219.0766,208.2067,218.29,NA,NA,NA,NA,NA,NA,NA,NA,NA,NA,NA,NA,NA,NA,19575360,26.62,27.45,25.79,26.88
2021-03-18,100107070,228.0966,229.7433,217.3333,217.72,NA,NA,NA,NA,NA,NA,NA,NA,NA,NA,NA,NA,NA,NA,22129310,28.8,29.42,26.8,26.9
2021-03-17,121117362,218.9566,234.5766,217.0033,233.9366,NA,NA,NA,NA,NA,NA,NA,NA,NA,NA,NA,NA,NA,NA,40917060,29.69,30.68,28.15,29.5
2021-03-16,96587020,234.45,235.9733,223.6666,225.6266,NA,NA,NA,NA,NA,NA,NA,NA,NA,NA,NA,NA,NA,NA,67588710,31.06,32.9696,29.2,31.1
2021-03-15,88270449,231.3633,237.7266,228.0133,235.98,NA,NA,NA,NA,NA,NA,NA,NA,NA,NA,NA,NA,NA,NA,23939760,27.46,28.8,27.0302,28.69
2021-03-12,100751530,223.3333,231.6266,222.0464,231.2433,NA,NA,NA,NA,NA,NA,NA,NA,NA,NA,NA,NA,NA,NA,20225420,25.5,27.99,25.1,26.77
2021-03-11,108761681,233.1333,234.1666,225.7266,233.2,NA,NA,NA,NA,NA,NA,NA,NA,NA,NA,NA,NA,NA,NA,24459390,25.79,27.18,25.31,26.84
2021-03-10,181817028,233.4333,239.2833,218.3533,222.6866,NA,NA,NA,NA,NA,NA,NA,NA,NA,NA,NA,NA,NA,NA,32947440,25.105,27.26,24.31,24.7
2021-03-09,202570010,202.7266,226.03,198.4033,224.5266,NA,NA,NA,NA,NA,NA,NA,NA,NA,NA,NA,NA,NA,NA,31214900,23.26,25,22.8,24.46
2021-03-08,155360896,200.1833,206.7083,186.2633,187.6666,NA,NA,NA,NA,NA,NA,NA,NA,NA,NA,NA,NA,NA,NA,29814500,24.34,25.18,22,22.09
2021-03-05,268189407,208.6866,209.2806,179.83,199.3166,NA,NA,NA,NA,NA,NA,NA,NA,NA,NA,NA,NA,NA,NA,53893420,24.52,25.18,20.4,24.4
2021-03-04,197758610,218.6,291.3133,200,207.1466,NA,NA,NA,NA,NA,NA,NA,NA,NA,NA,NA,NA,NA,NA,62235620,23.89,25.54,21.435,24.34
2021-03-03,90623889,229.33,233.5666,217.235,217.7333,NA,NA,NA,NA,NA,NA,NA,NA,NA,NA,NA,NA,NA,NA,43884200,27.65,27.97,23.93,24.2
2021-03-02,71196487,239.4266,240.37,228.3333,228.8133,NA,NA,NA,NA,NA,NA,NA,NA,NA,NA,NA,NA,NA,NA,35676740,30,30.39,26.56,27.77
2021-03-01,81408728,230.0366,290.6666,228.35,239.4766,NA,NA,NA,NA,NA,NA,NA,NA,NA,NA,NA,NA,NA,NA,42153820,32.49,32.54,29.83,30.63
2021-02-26,123267522,233.3333,235.5666,219.8366,225.1666,NA,NA,NA,NA,NA,NA,NA,NA,NA,NA,NA,NA,NA,NA,68871050,31.25,32.52,28.5,30.75
2021-02-25,117071592,242.05,245.7355,223.5266,227.4066,NA,NA,NA,NA,NA,NA,NA,NA,NA,NA,NA,NA,NA,NA,82266050,29.71,32.38,26.71,27.82
2021-02-24,110300861,237.2833,248.3333,231.39,247.34,NA,NA,NA,NA,NA,NA,NA,NA,NA,NA,NA,NA,NA,NA,142471900,35.64,35.72,27.85,28.7
2021-02-23,199820660,220.71,237.8699,206.3333,232.9466,NA,NA,NA,NA,NA,NA,NA,NA,NA,NA,NA,NA,NA,NA,190447900,35.02,43.94,30,35.21
2021-02-22,111809171,254.2133,256.1666,236.7333,238.1666,NA,NA,NA,NA,NA,NA,NA,NA,NA,NA,NA,NA,NA,NA,88152910,62.87,63.2,56.08,57.37
2021-02-19,56874786,265,265.5966,259.1233,260.4333,NA,NA,NA,NA,NA,NA,NA,NA,NA,NA,NA,NA,NA,NA,59997950,60.09,61.97,50.32,52.94
2021-02-18,53871185,260.3,264.8966,258.7566,262.46,NA,NA,NA,NA,NA,NA,NA,NA,NA,NA,NA,NA,NA,NA,76982740,55.81,64.86,55.55,58.05
2021-02-17,78236708,259.6966,266.6133,254.0033,266.05,NA,NA,NA,NA,NA,NA,NA,NA,NA,NA,NA,NA,NA,NA,63907660,54.67,59.5,50.3,56.23
2021-02-16,59406966,272.6666,273.6666,264.1466,265.4066,NA,NA,NA,NA,NA,NA,NA,NA,NA,NA,NA,NA,NA,NA,96883350,38.27,55,36.52,52.7
2021-02-12,71304937,267.0866,272.4433,261.7768,272.04,NA,NA,NA,NA,NA,NA,NA,NA,NA,NA,NA,NA,NA,NA,69175950,35.04,41.37,33.51,39.98
2021-02-11,64868256,270.8133,276.6266,267.2416,270.5533,NA,NA,NA,NA,NA,NA,NA,NA,NA,NA,NA,NA,NA,NA,26350020,32.25,33.16,31.2,31.5
2021-02-10,108648281,281.2116,281.6066,266.6733,268.2733,NA,NA,NA,NA,NA,NA,NA,NA,NA,NA,NA,NA,NA,NA,33355530,32,34.49,30,32.87
2021-02-09,45472955,285.04,286.6,280.5833,283.1533,NA,NA,NA,NA,NA,NA,NA,NA,NA,NA,NA,NA,NA,NA,28973290,31.7,33.69,30.22,33.31
2021-02-08,60485166,289.89,292.59,284.9166,287.8066,NA,NA,NA,NA,NA,NA,NA,NA,NA,NA,NA,NA,NA,NA,35684290,34.17,34.98,30.3,32.88
2021-02-05,55699926,281.6666,288.2566,279.6566,284.0766,NA,NA,NA,NA,NA,NA,NA,NA,NA,NA,NA,NA,NA,NA,66665350,30.9,36,30.7001,34.65
2021-02-04,47437985,285,285.5,277.8066,283.33,NA,NA,NA,NA,NA,NA,NA,NA,NA,NA,NA,NA,NA,NA,45385200,29,31.45,26.13,30.22
2021-02-03,55030536,292.34,292.6933,284.3548,284.8966,NA,NA,NA,NA,NA,NA,NA,NA,NA,NA,NA,NA,NA,NA,85281240,32.35,34.5,27.575,29.49
2021-02-02,73038637,281.56,293.5,280.7335,290.93,NA,NA,NA,NA,NA,NA,NA,NA,NA,NA,NA,NA,NA,NA,100196700,27.98,35.18,26.46,32.14
2021-02-01,76174178,271.43,280.6666,265.1867,279.9366,NA,NA,NA,NA,NA,NA,NA,NA,NA,NA,NA,NA,NA,NA,43231910,23.64,25.97,22.73,25.2
2021-01-29,104972260,276.6666,280.8033,260.0333,264.51,NA,NA,NA,NA,NA,NA,NA,NA,NA,NA,NA,NA,NA,NA,34280360,21.7,24.35,21.21,22.88
2021-01-28,79134158,273.3333,282.6666,267,278.4766,NA,NA,NA,NA,NA,NA,NA,NA,NA,NA,NA,NA,NA,NA,33334120,21.34,22.88,20.01,22.33
2021-01-27,82001888,290.1166,297.1666,286.22,288.0533,NA,NA,NA,NA,NA,NA,NA,NA,NA,NA,NA,NA,NA,NA,44960820,21.29,23.33,20.45,21.15
2021-01-26,69394807,297.1266,298.6333,290.5333,294.3633,NA,NA,NA,NA,NA,NA,NA,NA,NA,NA,NA,NA,NA,NA,41562230,24.37,24.66,22.37,24.44
2021-01-25,123520212,285,300.1333,279.6067,293.6,NA,NA,NA,NA,NA,NA,NA,NA,NA,NA,NA,NA,NA,NA,117369700,26.77,27.3,18.55,24.95
2021-01-22,60199506,278.1033,282.6666,276.2066,282.2133,NA,NA,NA,NA,NA,NA,NA,NA,NA,NA,NA,NA,NA,NA,94164460,18.49,22.67,18,22.35
2021-01-21,61794396,285,285.2399,280.4733,281.6633,NA,NA,NA,NA,NA,NA,NA,NA,NA,NA,NA,NA,NA,NA,23590470,18.09,18.25,17.11,17.81
2021-01-20,76997648,286.2466,286.5,279.0933,283.4833,NA,NA,NA,NA,NA,NA,NA,NA,NA,NA,NA,NA,NA,NA,27627680,18.35,18.73,17.8,18.06
2021-01-19,76100948,279.2666,283.3333,277.6666,281.5166,NA,NA,NA,NA,NA,NA,NA,NA,NA,NA,NA,NA,NA,NA,68336360,18.05,18.69,17.5,17.9
2021-01-15,116332812,284,286.6333,273.0333,275.3866,NA,NA,NA,NA,NA,NA,NA,NA,NA,NA,NA,NA,NA,NA,184854200,17.81,21,16.2,18.36
2021-01-14,93798999,281.13,287.6666,279.5833,281.6666,NA,NA,NA,NA,NA,NA,NA,NA,NA,NA,NA,NA,NA,NA,140983000,18.71,20.14,16.1,17.36
2021-01-13,99937510,284.2533,286.8233,277.3333,284.8033,NA,NA,NA,NA,NA,NA,NA,NA,NA,NA,NA,NA,NA,NA,94091530,15.1,17.12,14.5,16.72
2021-01-12,138812174,277,289.3333,275.78,283.1466,NA,NA,NA,NA,NA,NA,NA,NA,NA,NA,NA,NA,NA,NA,112100500,14.99,15.63,13,14.15
2021-01-11,178662468,283.1333,284.81,267.874,270.3966,NA,NA,NA,NA,NA,NA,NA,NA,NA,NA,NA,NA,NA,NA,108167500,10.05,14,10.03,13.2
2021-01-08,225166613,285.3333,294.83,279.4633,293.34,NA,NA,NA,NA,NA,NA,NA,NA,NA,NA,NA,NA,NA,NA,738187,10.05,10.05,10.02,10.03
2021-01-07,154496865,259.21,272.33,258.4,272.0133,NA,NA,NA,NA,NA,NA,NA,NA,NA,NA,NA,NA,NA,NA,1075509,10,10.04,10,10.03
2021-01-06,134099923,252.83,258,249.7,251.9933,NA,NA,NA,NA,NA,NA,NA,NA,NA,NA,NA,NA,NA,NA,636614,10,10.02,10,10.01
2021-01-05,96735520,241.22,246.9466,239.7333,245.0366,NA,NA,NA,NA,NA,NA,NA,NA,NA,NA,NA,NA,NA,NA,685686,10.04,10.04,10,10.02
2021-01-04,145914585,239.82,248.1633,239.0631,243.2566,NA,NA,NA,NA,NA,NA,NA,NA,NA,NA,NA,NA,NA,NA,1172658,10.03,10.08,10.02,10.04
2020-12-31,148949805,233.33,239.5733,230.3733,235.2233,NA,NA,NA,NA,NA,NA,NA,NA,NA,NA,NA,NA,NA,NA,1266224,10.07,10.07,10.01,10.01
2020-12-30,128538073,224,232.2,222.7867,231.5933,NA,NA,NA,NA,NA,NA,NA,NA,NA,NA,NA,NA,NA,NA,3152683,10.04,10.08,10.02,10.07
2020-12-29,68732437,220.3333,223.3,218.3333,221.9966,NA,NA,NA,NA,NA,NA,NA,NA,NA,NA,NA,NA,NA,NA,1784646,10.1,10.11,10.03,10.06
2020-12-28,96835690,224.8366,227.1333,220.2666,221.23,NA,NA,NA,NA,NA,NA,NA,NA,NA,NA,NA,NA,NA,NA,4067863,10.11,10.18,10.04,10.08
2020-12-24,68596717,214.33,222.03,213.6666,220.59,NA,NA,NA,NA,NA,NA,NA,NA,NA,NA,NA,NA,NA,NA,2093012,10.08,10.1,10.01,10.04
2020-12-23,99518920,210.7333,217.1666,207.5233,215.3266,NA,NA,NA,NA,NA,NA,NA,NA,NA,NA,NA,NA,NA,NA,2353666,10.03,10.03,9.995,10.03
2020-12-22,155584936,216,216.6266,204.7433,213.4466,NA,NA,NA,NA,NA,NA,NA,NA,NA,NA,NA,NA,NA,NA,755643,10.03,10.03,9.97,10
2020-12-21,174135797,222.08,222.8333,215.3566,216.62,NA,NA,NA,NA,NA,NA,NA,NA,NA,NA,NA,NA,NA,NA,532777,9.98,10,9.96,9.97
2020-12-18,666378667,222.9666,231.6666,209.5133,231.6666,NA,NA,NA,NA,NA,NA,NA,NA,NA,NA,NA,NA,NA,NA,869000,9.98,9.98,9.95,9.96
2020-12-17,168810437,209.3966,219.6066,206.5,218.6333,NA,NA,NA,NA,NA,NA,NA,NA,NA,NA,NA,NA,NA,NA,1483598,9.98,10,9.945,9.97
2020-12-16,126287443,209.41,210.8333,201.6666,207.59,NA,NA,NA,NA,NA,NA,NA,NA,NA,NA,NA,NA,NA,NA,1191593,9.95,10,9.94,9.945
2020-12-15,135670694,214.4266,215.6333,207.9333,211.0833,NA,NA,NA,NA,NA,NA,NA,NA,NA,NA,NA,NA,NA,NA,1162373,9.97,10.03,9.9,9.97
2020-12-14,156121966,206.3333,214.2499,203.4,213.2766,NA,NA,NA,NA,NA,NA,NA,NA,NA,NA,NA,NA,NA,NA,1982462,9.96,9.98,9.94,9.98
2020-12-11,139424924,205.0033,208,198.9333,203.33,140,2020,"USA","FL"," Pedestrians hit and run by Tesla, one died from injuries ",1,0,0,0,1,1,NA,FALSE,NA,899986,9.96,9.96,9.91,9.94
2020-12-10,201249470,191.4566,209.25,188.78,209.0233,NA,NA,NA,NA,NA,NA,NA,NA,NA,NA,NA,NA,NA,NA,7606766,9.93,9.93,9.88,9.91
2020-12-09,213873591,217.8966,218.1066,196,201.4933,NA,NA,NA,NA,NA,NA,NA,NA,NA,NA,NA,NA,NA,NA,3394259,9.89,9.97,9.84,9.92
2020-12-08,192795109,208.5016,217.0933,206.1666,216.6266,NA,NA,NA,NA,NA,NA,NA,NA,NA,NA,NA,NA,NA,NA,2296411,9.94,9.98,9.83,9.86
2020-12-07,168929147,201.6399,216.2618,201.0166,213.92,NA,NA,NA,NA,NA,NA,NA,NA,NA,NA,NA,NA,NA,NA,2085323,9.88,9.98,9.87,9.94
2020-12-04,88203939,197.0033,199.68,195.1666,199.68,NA,NA,NA,NA,NA,NA,NA,NA,NA,NA,NA,NA,NA,NA,405431,9.88,9.89,9.86,9.88
2020-12-03,127656013,196.6733,199.6566,194.1433,197.7933,NA,NA,NA,NA,NA,NA,NA,NA,NA,NA,NA,NA,NA,NA,513207,9.88,9.88,9.86,9.87
2020-12-02,143326964,185.48,190.5133,180.4033,189.6066,NA,NA,NA,NA,NA,NA,NA,NA,NA,NA,NA,NA,NA,NA,1440953,9.88,9.885,9.84,9.87
2020-12-01,121148502,199.1966,199.2833,190.6833,194.92,NA,NA,NA,NA,NA,NA,NA,NA,NA,NA,NA,NA,NA,NA,1394253,9.87,9.88,9.82,9.88
2020-11-30,189009169,200.7366,202.6,184.8366,189.2,NA,NA,NA,NA,NA,NA,NA,NA,NA,NA,NA,NA,NA,NA,1623718,9.88,9.9,9.8261,9.88
2020-11-27,112683251,193.72,199.5933,192.8166,195.2533,NA,NA,NA,NA,NA,NA,NA,NA,NA,NA,NA,NA,NA,NA,416161,9.8,9.85,9.77,9.83
2020-11-25,146790495,183.3533,191.3333,181.79,191.3333,NA,NA,NA,NA,NA,NA,NA,NA,NA,NA,NA,NA,NA,NA,1332376,9.76,9.7662,9.7,9.76
2020-11-24,160945486,180.1333,186.6633,175.4,185.1266,NA,NA,NA,NA,NA,NA,NA,NA,NA,NA,NA,NA,NA,NA,57247,9.78,9.78,9.7,9.76
2020-11-23,150780915,167.8333,175.3333,167.2633,173.95,NA,NA,NA,NA,NA,NA,NA,NA,NA,NA,NA,NA,NA,NA,134369,9.79,9.79,9.71,9.75
2020-11-20,98735770,165.9967,167.5,163.02,163.2033,NA,NA,NA,NA,NA,NA,NA,NA,NA,NA,NA,NA,NA,NA,995889,9.71,9.735,9.69,9.71
2020-11-19,187426069,164,169.537,162.5233,166.4233,NA,NA,NA,NA,NA,NA,NA,NA,NA,NA,NA,NA,NA,NA,44545,9.75,9.8,9.7,9.72
2020-11-18,234132083,149.45,165.3333,147.8334,162.2133,NA,NA,NA,NA,NA,NA,NA,NA,NA,NA,NA,NA,NA,NA,301651,9.74,9.74,9.67,9.74
2020-11-17,183564858,153.39,154,144.3367,147.2033,NA,NA,NA,NA,NA,NA,NA,NA,NA,NA,NA,NA,NA,NA,46038,9.72,9.72,9.69,9.71
2020-11-16,80515928,136.31,137.4833,134.6956,136.03,137,2020,"USA","MO","Five-vehicle pileup involving truck",1,0,0,1,0,0,"Y",FALSE,NA,151275,9.7,9.73,9.685,9.7
2020-11-13,59491056,136.95,137.5106,133.8867,136.1667,NA,NA,NA,NA,NA,NA,NA,NA,NA,NA,NA,NA,NA,NA,754783,9.74,9.74,9.69,9.69
2020-11-12,59821506,138.35,141,136.5067,137.2533,NA,NA,NA,NA,NA,NA,NA,NA,NA,NA,NA,NA,NA,NA,1501959,9.67,9.72,9.67,9.7
2020-11-11,52073165,138.8167,139.565,136.86,139.0433,NA,NA,NA,NA,NA,NA,NA,NA,NA,NA,NA,NA,NA,NA,724462,9.69,9.7395,9.66,9.68
2020-11-10,90852669,140.03,140.03,132.01,136.7867,NA,NA,NA,NA,NA,NA,NA,NA,NA,NA,NA,NA,NA,NA,714714,9.66,9.8,9.66,9.7
2020-11-09,104499100,146.5,150.8333,140.3333,140.42,NA,NA,NA,NA,NA,NA,NA,NA,NA,NA,NA,NA,NA,NA,163474,9.7,9.725,9.66,9.67
2020-11-06,65118037,145.3667,145.5233,141.4267,143.3167,NA,NA,NA,NA,NA,NA,NA,NA,NA,NA,NA,NA,NA,NA,1443973,9.79,9.79,9.72,9.72
2020-11-05,85243569,142.7667,146.6667,141.3334,146.03,NA,NA,NA,NA,NA,NA,NA,NA,NA,NA,NA,NA,NA,NA,1534452,9.76,9.78,9.73,9.77
2020-11-04,96429190,143.54,145.1333,139.0333,140.3267,NA,NA,NA,NA,NA,NA,NA,NA,NA,NA,NA,NA,NA,NA,509822,9.7,9.73,9.68,9.69
2020-11-03,103055170,136.5767,142.59,135.5633,141.3,NA,NA,NA,NA,NA,NA,NA,NA,NA,NA,NA,NA,NA,NA,189840,9.63,9.7,9.62,9.69
2020-11-02,87063369,131.3333,135.66,130.7667,133.5033,NA,NA,NA,NA,NA,NA,NA,NA,NA,NA,NA,NA,NA,NA,716681,9.63,9.64,9.6,9.63
2020-10-30,127762933,135.6318,135.8638,126.37,129.3467,NA,NA,NA,NA,NA,NA,NA,NA,NA,NA,NA,NA,NA,NA,1154338,9.65,9.69,9.6,9.63
2020-10-29,67965937,136.6533,139.3533,135.4867,136.9433,NA,NA,NA,NA,NA,NA,NA,NA,NA,NA,NA,NA,NA,NA,1652882,9.66,9.7,9.62,9.65
2020-10-28,76354238,138.8267,139.5333,135.3333,135.34,NA,NA,NA,NA,NA,NA,NA,NA,NA,NA,NA,NA,NA,NA,1571479,9.74,9.74,9.63,9.65
2020-10-27,68059537,141.2533,143.5,140.0333,141.56,NA,NA,NA,NA,NA,NA,NA,NA,NA,NA,NA,NA,NA,NA,304143,9.65,9.7,9.64,9.65
2020-10-26,84717488,137.21,141.92,136.6667,140.0933,NA,NA,NA,NA,NA,NA,NA,NA,NA,NA,NA,NA,NA,NA,2394804,9.65,9.66,9.64,9.65
2020-10-23,101150950,140.6133,140.962,135.7934,140.21,NA,NA,NA,NA,NA,NA,NA,NA,NA,NA,NA,NA,NA,NA,2067850,9.65,9.7,9.63,9.63
2020-10-22,119979582,147.3067,148.41,141.5033,141.93,NA,NA,NA,NA,NA,NA,NA,NA,NA,NA,NA,NA,NA,NA,1441881,9.66,9.67,9.63,9.65
2020-10-21,97111390,140.9,144.3167,140.4167,140.88,NA,NA,NA,NA,NA,NA,NA,NA,NA,NA,NA,NA,NA,NA,292303,9.73,9.73,9.65,9.66
2020-10-20,94968879,143.9167,143.9167,139.6834,140.6467,NA,NA,NA,NA,NA,NA,NA,NA,NA,NA,NA,NA,NA,NA,78163,9.71,9.74,9.67,9.67
2020-10-19,108863531,148.7467,149,142.9567,143.61,NA,NA,NA,NA,NA,NA,NA,NA,NA,NA,NA,NA,NA,NA,348739,9.71,9.73,9.6765,9.68
2020-10-16,98327650,151.48,151.9833,146.2833,146.5567,NA,NA,NA,NA,NA,NA,NA,NA,NA,NA,NA,NA,NA,NA,304983,9.69,9.705,9.67,9.68
2020-10-15,107017061,150.1033,152.19,147.5,149.6267,NA,NA,NA,NA,NA,NA,NA,NA,NA,NA,NA,NA,NA,NA,347983,9.67,9.72,9.6501,9.68
2020-10-14,144136184,149.9267,155.3,149.1167,153.7667,NA,NA,NA,NA,NA,NA,NA,NA,NA,NA,NA,NA,NA,NA,2177911,9.75,9.7699,9.68,9.68
2020-10-13,103391020,147.7833,149.63,145.5333,148.8833,NA,NA,NA,NA,NA,NA,NA,NA,NA,NA,NA,NA,NA,NA,1623875,9.85,9.85,9.67,9.7
2020-10-12,116373402,147.3333,149.58,146.1933,147.4333,NA,NA,NA,NA,NA,NA,NA,NA,NA,NA,NA,NA,NA,NA,172260,9.82,9.82,9.73,9.73
2020-10-09,86776989,143.3767,144.8633,142.1534,144.6667,NA,NA,NA,NA,NA,NA,NA,NA,NA,NA,NA,NA,NA,NA,2401524,9.76,9.77,9.7216,9.75
2020-10-08,121263372,146.1467,146.3333,141.7667,141.9733,NA,NA,NA,NA,NA,NA,NA,NA,NA,NA,NA,NA,NA,NA,550328,9.7,9.75,9.7,9.7166
2020-10-07,129383143,139.9567,143.3,137.9483,141.7667,NA,NA,NA,NA,NA,NA,NA,NA,NA,NA,NA,NA,NA,NA,1325422,9.72,9.75,9.67,9.71
2020-10-06,147438795,141.2633,142.9266,135.35,137.9933,NA,NA,NA,NA,NA,NA,NA,NA,NA,NA,NA,NA,NA,NA,1902445,9.74,9.75,9.67,9.68
2020-10-05,134168383,141.1167,144.5467,139.7767,141.8933,NA,NA,NA,NA,NA,NA,NA,NA,NA,NA,NA,NA,NA,NA,3147963,9.8,9.8,9.69,9.71
2020-10-02,214290111,140.4633,146.3767,138.3333,138.3633,NA,NA,NA,NA,NA,NA,NA,NA,NA,NA,NA,NA,NA,NA,3925673,9.73,9.8,9.73,9.74
2020-10-01,152224365,146.92,149.6267,144.8067,149.3867,NA,NA,NA,NA,NA,NA,NA,NA,NA,NA,NA,NA,NA,NA,1068527,9.85,9.85,9.74,9.7599
2020-09-30,144436724,140.44,144.6433,140.1567,143.0033,NA,NA,NA,NA,NA,NA,NA,NA,NA,NA,NA,NA,NA,NA,546245,9.85,9.85,9.77,9.78
2020-09-29,151024215,138.6667,142.8333,137.2,139.69,NA,NA,NA,NA,NA,NA,NA,NA,NA,NA,NA,NA,NA,NA,189577,9.88,9.88,9.76,9.78
2020-09-28,149158695,141.54,142.6933,138.5167,140.4,NA,NA,NA,NA,NA,NA,NA,NA,NA,NA,NA,NA,NA,NA,72303,9.9,9.94,9.83,9.83
2020-09-25,201625400,131.1567,136.2441,130.4333,135.78,NA,NA,NA,NA,NA,NA,NA,NA,NA,NA,NA,NA,NA,NA,692465,9.77,9.85,9.77,9.81
2020-09-24,289683209,121.2667,133.1667,117.1,129.2633,NA,NA,NA,NA,NA,NA,NA,NA,NA,NA,NA,NA,NA,NA,605537,9.85,9.85,9.75,9.77
2020-09-23,285222569,135.0533,137.3833,125.2934,126.7867,NA,NA,NA,NA,NA,NA,NA,NA,NA,NA,NA,NA,NA,NA,192570,9.9,9.905,9.7901,9.85
2020-09-22,238742424,143.2,145.92,139.2,141.41,NA,NA,NA,NA,NA,NA,NA,NA,NA,NA,NA,NA,NA,NA,1280789,9.96,9.96,9.85,9.88
2020-09-21,328430433,151.0433,151.8933,135.69,149.7967,NA,NA,NA,NA,NA,NA,NA,NA,NA,NA,NA,NA,NA,NA,762763,9.9,9.96,9.86,9.86
2020-09-18,259220486,149.3133,150.3333,142.9333,147.3833,NA,NA,NA,NA,NA,NA,NA,NA,NA,NA,NA,NA,NA,NA,564328,10.25,10.25,9.82,9.89
