Date,Close/Last,Volume,Open,High,Low
11/03/2023,$4.62,32179100,$4.66,$4.85,$4.55
11/02/2023,$4.54,47135750,$4.13,$4.615,$4.12
11/01/2023,$4.05,21911580,$4.13,$4.14,$3.96
10/31/2023,$4.12,20320210,$4.065,$4.175,$4.04
10/30/2023,$4.07,18462870,$4.10,$4.14,$4.00
10/27/2023,$4.04,16846280,$4.11,$4.17,$4.01
10/26/2023,$4.07,29818140,$4.12,$4.18,$3.98
10/25/2023,$4.17,21024020,$4.21,$4.33,$4.17
10/24/2023,$4.24,27605830,$4.38,$4.49,$4.205
10/23/2023,$4.34,26779360,$4.24,$4.47,$4.14
10/20/2023,$4.28,27148830,$4.33,$4.44,$4.25
10/19/2023,$4.34,36199870,$4.49,$4.49,$4.30
10/18/2023,$4.53,59243690,$4.94,$4.98,$4.51
10/17/2023,$5.00,47744140,$4.92,$5.23,$4.90
10/16/2023,$5.28,23163680,$5.17,$5.38,$5.13
10/13/2023,$5.16,19609190,$5.08,$5.16,$4.99
10/12/2023,$5.07,24527220,$5.28,$5.35,$5.035
10/11/2023,$5.34,25534940,$5.38,$5.48,$5.23
10/10/2023,$5.44,38610930,$5.01,$5.46,$4.99
10/09/2023,$5.03,32408470,$5.00,$5.14,$4.87
10/06/2023,$5.13,29056910,$5.11,$5.21,$5.04
10/05/2023,$5.16,43996930,$5.48,$5.4999,$5.03
10/04/2023,$5.56,20382180,$5.46,$5.58,$5.35
10/03/2023,$5.38,18246350,$5.47,$5.50,$5.35
10/02/2023,$5.54,20221810,$5.57,$5.68,$5.4633
09/29/2023,$5.59,31028810,$5.60,$5.70,$5.50
09/28/2023,$5.53,25647160,$5.46,$5.615,$5.34
09/27/2023,$5.46,29318480,$5.49,$5.56,$5.32
09/26/2023,$5.31,29840610,$5.18,$5.39,$5.12
09/25/2023,$5.13,24208450,$5.14,$5.19,$4.97
09/22/2023,$5.11,28561230,$5.25,$5.33,$5.07
09/21/2023,$5.17,31892380,$5.35,$5.37,$5.17
09/20/2023,$5.45,18801030,$5.57,$5.625,$5.45
09/19/2023,$5.50,27866710,$5.65,$5.67,$5.44
09/18/2023,$5.64,27839530,$5.87,$5.90,$5.61
09/15/2023,$5.92,31355420,$6.03,$6.12,$5.86
09/14/2023,$6.01,20299580,$5.89,$6.06,$5.85
09/13/2023,$5.87,12796500,$5.89,$5.9475,$5.82
09/12/2023,$5.91,21084240,$5.83,$6.02,$5.74
09/11/2023,$5.84,31971510,$5.93,$6.02,$5.635
09/08/2023,$5.84,25583940,$5.99,$6.00,$5.80
09/07/2023,$6.00,20888810,$6.03,$6.06,$5.92
09/06/2023,$6.14,22673520,$6.28,$6.375,$6.05
09/05/2023,$6.30,23261060,$6.29,$6.45,$6.22
09/01/2023,$6.36,20524740,$6.29,$6.41,$6.185
08/31/2023,$6.28,26180250,$6.41,$6.42,$6.15
08/30/2023,$6.36,16113030,$6.25,$6.41,$6.22
08/29/2023,$6.33,24580010,$6.13,$6.435,$6.04
08/28/2023,$6.15,20720420,$6.07,$6.195,$5.98
08/25/2023,$6.02,25687590,$5.89,$6.06,$5.82
08/24/2023,$5.86,32398750,$6.09,$6.105,$5.80
08/23/2023,$6.07,26033530,$6.03,$6.20,$6.00
08/22/2023,$6.07,29256220,$6.245,$6.31,$5.97
08/21/2023,$6.26,19787930,$6.22,$6.36,$6.16
08/18/2023,$6.18,22508310,$6.10,$6.24,$6.05
08/17/2023,$6.23,25743510,$6.38,$6.48,$6.225
08/16/2023,$6.34,26138790,$6.36,$6.45,$6.25
08/15/2023,$6.41,30110490,$6.70,$6.80,$6.35
08/14/2023,$6.77,25870230,$6.54,$6.78,$6.39
08/11/2023,$6.64,26917750,$6.59,$6.7165,$6.49
08/10/2023,$6.78,44069470,$7.185,$7.20,$6.71
08/09/2023,$7.08,52187300,$6.98,$7.295,$6.78
08/08/2023,$7.19,89780000,$6.415,$7.24,$6.20
08/07/2023,$6.41,56650140,$6.70,$6.71,$6.18
08/04/2023,$6.62,33869970,$6.95,$6.955,$6.61
08/03/2023,$6.89,25643190,$6.84,$7.03,$6.82
08/02/2023,$6.89,45789040,$7.05,$7.09,$6.7401
08/01/2023,$7.27,38156790,$7.465,$7.465,$7.16
07/31/2023,$7.61,47025160,$7.54,$7.75,$7.41
07/28/2023,$7.47,68241070,$7.06,$7.54,$6.985
07/27/2023,$6.89,42823600,$7.25,$7.45,$6.87
07/26/2023,$7.17,44303350,$6.87,$7.29,$6.86
07/25/2023,$6.84,33519450,$7.22,$7.28,$6.83
07/24/2023,$7.17,41743050,$6.90,$7.26,$6.82
07/21/2023,$6.87,87169000,$7.07,$7.15,$6.67
07/20/2023,$6.92,47132100,$7.165,$7.165,$6.83
07/19/2023,$7.25,66654790,$7.14,$7.695,$7.13
07/18/2023,$7.04,38237780,$7.04,$7.28,$6.94
07/17/2023,$7.03,42128670,$6.77,$7.11,$6.60
07/14/2023,$6.70,55472100,$7.13,$7.20,$6.67
07/13/2023,$7.12,50570490,$7.17,$7.42,$7.10
07/12/2023,$7.16,122623200,$7.74,$7.89,$7.08
07/11/2023,$8.12,57013660,$8.00,$8.37,$7.87
07/10/2023,$7.93,65947530,$7.64,$7.97,$7.24
07/07/2023,$7.45,75916190,$7.10,$7.73,$7.08
07/06/2023,$7.08,45047090,$7.22,$7.2787,$6.86
07/05/2023,$7.41,53576830,$7.41,$7.53,$7.15
07/03/2023,$7.39,53103150,$7.06,$7.44,$7.00
06/30/2023,$6.89,73348890,$7.02,$7.18,$6.64
06/29/2023,$6.88,72430490,$6.475,$6.94,$6.41
06/28/2023,$6.42,68546350,$6.09,$6.54,$6.03
06/27/2023,$6.10,74181420,$5.79,$6.15,$5.56
06/26/2023,$5.55,108379600,$6.01,$6.28,$5.55
06/23/2023,$5.47,62252560,$5.65,$5.75,$5.46
06/22/2023,$5.73,47898070,$6.07,$6.08,$5.72
06/21/2023,$6.05,49954060,$6.30,$6.31,$6.00
06/20/2023,$6.32,32733090,$6.53,$6.58,$6.26
06/16/2023,$6.48,45154400,$6.61,$6.76,$6.44
06/15/2023,$6.59,41955520,$6.39,$6.75,$6.33
06/14/2023,$6.40,37444350,$6.61,$6.655,$6.34
06/13/2023,$6.55,64473520,$6.37,$6.66,$6.23
06/12/2023,$6.27,38628920,$6.31,$6.52,$6.23
06/09/2023,$6.21,35958630,$6.35,$6.40,$6.13
06/08/2023,$6.28,50227960,$6.63,$6.70,$6.26
06/07/2023,$6.40,46769220,$6.90,$6.925,$6.40
06/06/2023,$6.90,43033000,$6.55,$6.91,$6.5331
06/05/2023,$6.59,35903300,$6.59,$6.61,$6.33
06/02/2023,$6.60,52420590,$6.55,$6.61,$6.39
06/01/2023,$6.50,161052800,$6.78,$6.82,$6.20
05/31/2023,$7.76,32478060,$7.67,$7.81,$7.49
05/30/2023,$7.71,13985950,$7.95,$8.095,$7.63
05/26/2023,$7.87,14524840,$7.59,$7.99,$7.52
05/25/2023,$7.61,11171050,$7.46,$7.665,$7.38
05/24/2023,$7.49,8218913,$7.46,$7.54,$7.30
05/23/2023,$7.55,14970190,$7.521,$7.94,$7.50
05/22/2023,$7.65,17459580,$7.20,$7.7584,$7.07
05/19/2023,$7.18,14377180,$7.28,$7.51,$7.13
05/18/2023,$7.29,10090260,$7.17,$7.29,$7.11
05/17/2023,$7.23,12650940,$7.03,$7.24,$6.93
05/16/2023,$6.98,11197060,$7.10,$7.18,$6.97
05/15/2023,$7.17,11608800,$7.08,$7.19,$6.9522
05/12/2023,$7.04,14059390,$7.09,$7.1778,$6.89
05/11/2023,$7.06,15402340,$7.16,$7.29,$6.95
05/10/2023,$7.16,18580450,$7.365,$7.46,$7.15
05/09/2023,$7.28,29222520,$6.91,$7.35,$6.85
05/08/2023,$7.71,29869420,$7.75,$7.7999,$7.26
05/05/2023,$7.73,16529200,$7.50,$7.82,$7.46
05/04/2023,$7.38,9703702,$7.465,$7.54,$7.255
05/03/2023,$7.41,12392100,$7.27,$7.65,$7.205
05/02/2023,$7.27,13079610,$7.36,$7.43,$7.10
05/01/2023,$7.32,15072520,$7.94,$7.94,$7.29
04/28/2023,$7.94,15816380,$7.95,$8.07,$7.7491
04/27/2023,$8.17,33947140,$7.34,$8.28,$7.33
04/26/2023,$7.22,33362520,$6.84,$7.84,$6.73
04/25/2023,$6.74,17767670,$6.91,$6.9601,$6.635
04/24/2023,$7.00,10872320,$7.04,$7.22,$6.96
04/21/2023,$7.03,13171860,$7.13,$7.13,$6.86
04/20/2023,$7.07,22642290,$7.331,$7.53,$7.0312
04/19/2023,$7.62,16219460,$7.65,$7.70,$7.48
04/18/2023,$7.83,10167370,$8.02,$8.08,$7.75
04/17/2023,$7.95,13650510,$7.73,$7.965,$7.585
04/14/2023,$7.73,30486230,$7.67,$7.765,$7.45
04/13/2023,$8.25,10570560,$8.17,$8.38,$8.16
04/12/2023,$8.13,14102280,$8.64,$8.87,$8.06
04/11/2023,$8.46,20643700,$8.08,$8.685,$8.06
04/10/2023,$8.03,11520890,$7.60,$8.07,$7.43
04/06/2023,$7.70,8154591,$7.63,$7.87,$7.481
04/05/2023,$7.70,10999820,$7.78,$7.79,$7.52
04/04/2023,$7.90,11125780,$7.93,$8.00,$7.65
04/03/2023,$7.90,12010140,$7.95,$8.0579,$7.645
03/31/2023,$8.04,19553550,$7.68,$8.20,$7.565
03/30/2023,$7.62,11085730,$7.77,$7.88,$7.60
03/29/2023,$7.70,30158050,$7.65,$7.73,$7.17
03/28/2023,$7.55,20200220,$8.11,$8.2392,$7.41
03/27/2023,$8.14,11530790,$8.30,$8.30,$8.09
03/24/2023,$8.19,8245412,$8.02,$8.31,$7.985
03/23/2023,$8.19,12067330,$8.105,$8.295,$8.01
03/22/2023,$7.93,15098630,$8.20,$8.315,$7.90
03/21/2023,$8.19,17486420,$7.85,$8.31,$7.805
03/20/2023,$7.70,13236020,$7.46,$7.83,$7.28
03/17/2023,$7.69,28236490,$7.68,$7.8392,$7.37
03/16/2023,$7.83,17219670,$7.37,$7.87,$7.33
03/15/2023,$7.40,17736160,$7.35,$7.53,$7.23
03/14/2023,$7.54,18241250,$7.92,$8.03,$7.49
03/13/2023,$7.84,17990520,$7.58,$7.945,$7.33
03/10/2023,$7.87,16763400,$8.015,$8.23,$7.69
03/09/2023,$8.00,19967860,$8.25,$8.338,$7.97
03/08/2023,$8.34,10208020,$8.24,$8.44,$8.151
03/07/2023,$8.31,17533470,$8.70,$8.71,$8.27
03/06/2023,$8.82,13876560,$9.00,$9.18,$8.815
03/03/2023,$8.94,19535310,$8.67,$9.095,$8.63
03/02/2023,$8.53,16345230,$8.39,$8.63,$8.13
03/01/2023,$8.62,22734910,$8.97,$9.06,$8.35
02/28/2023,$9.13,23496100,$8.715,$9.26,$8.715
02/27/2023,$8.76,17714650,$8.50,$8.85,$8.415
02/24/2023,$8.51,27562640,$8.38,$8.55,$8.17
02/23/2023,$8.79,66382650,$8.63,$8.89,$8.10
02/22/2023,$9.98,26981540,$10.04,$10.22,$9.8215
02/21/2023,$9.90,23461550,$10.74,$10.74,$9.81
02/17/2023,$10.93,15798420,$10.585,$10.95,$10.35
02/16/2023,$10.63,22168080,$11.00,$11.2665,$10.62
02/15/2023,$11.01,23359200,$10.28,$11.07,$10.10
02/14/2023,$10.33,17868230,$10.01,$10.44,$9.83
02/13/2023,$10.20,14305170,$9.96,$10.23,$9.6352
02/10/2023,$10.03,23229200,$10.46,$10.46,$9.74
02/09/2023,$10.31,33517890,$11.72,$11.72,$10.20
02/08/2023,$11.53,21528950,$11.46,$12.15,$11.40
02/07/2023,$11.57,29247180,$11.81,$11.88,$11.11
02/06/2023,$11.96,26373700,$11.68,$12.13,$11.60
02/03/2023,$11.62,30090770,$11.70,$12.65,$11.44
02/02/2023,$12.07,71458690,$12.20,$13.04,$11.86
02/01/2023,$11.845,42035370,$11.52,$12.14,$11.08
01/31/2023,$11.69,50844450,$11.53,$12.25,$11.24
01/30/2023,$11.75,114340300,$13.03,$13.08,$11.58
01/27/2023,$12.87,208145200,$8.99,$17.81,$8.91
01/26/2023,$9.00,26298940,$9.30,$9.3793,$8.62
01/25/2023,$8.87,22676470,$8.32,$8.88,$8.21
01/24/2023,$8.60,25868850,$8.64,$9.06,$8.52
01/23/2023,$8.82,37913500,$8.00,$8.895,$7.985
01/20/2023,$7.82,20804180,$7.48,$7.82,$7.425
01/19/2023,$7.45,29192200,$8.01,$8.0743,$7.40
01/18/2023,$8.16,24861750,$8.19,$8.34,$7.86
01/17/2023,$8.05,21989980,$8.16,$8.32,$7.915
01/13/2023,$8.15,29230430,$7.952,$8.18,$7.75
01/12/2023,$8.31,45046860,$8.38,$8.47,$7.80
01/11/2023,$7.93,44543070,$7.22,$8.00,$7.0691
01/10/2023,$7.19,25980590,$6.86,$7.22,$6.73
01/09/2023,$6.78,27341980,$6.49,$6.98,$6.375
01/06/2023,$6.36,24539340,$6.15,$6.43,$6.09
01/05/2023,$6.25,21449720,$6.34,$6.3938,$6.17
01/04/2023,$6.48,26173380,$6.25,$6.72,$6.15
01/03/2023,$6.17,31442210,$6.97,$7.07,$6.14
12/30/2022,$6.83,22489780,$6.55,$6.83,$6.515
12/29/2022,$6.70,26601590,$6.60,$6.90,$6.48
12/28/2022,$6.38,27973140,$6.25,$6.64,$6.215
12/27/2022,$6.20,35811180,$6.608,$6.61,$6.18
12/23/2022,$6.70,22584950,$6.88,$6.90,$6.59
12/22/2022,$6.89,35161350,$7.12,$7.17,$6.63
12/21/2022,$7.18,26956150,$7.39,$7.39,$7.15
12/20/2022,$7.23,42410700,$7.57,$7.89,$7.22
12/19/2022,$7.23,22954070,$7.35,$7.37,$7.05
12/16/2022,$7.37,41837820,$7.405,$7.62,$7.185
12/15/2022,$7.45,31343420,$7.71,$7.82,$7.43
12/14/2022,$7.68,29881890,$7.96,$7.97,$7.59
12/13/2022,$7.99,40408080,$8.70,$8.955,$7.94
12/12/2022,$8.28,26159760,$8.54,$8.59,$8.13
12/09/2022,$8.68,43064560,$8.53,$8.69,$8.14
12/08/2022,$8.68,24855930,$8.62,$8.84,$8.405
12/07/2022,$8.61,23903930,$8.50,$8.735,$8.2853
12/06/2022,$8.65,39132220,$9.52,$9.52,$8.54
12/05/2022,$9.43,26098200,$10.11,$10.19,$9.40
12/02/2022,$10.15,27456300,$9.64,$10.165,$9.55
12/01/2022,$9.83,27314300,$10.105,$10.235,$9.57
11/30/2022,$10.14,69551920,$9.86,$10.36,$9.84
11/29/2022,$9.76,19666560,$10.05,$10.07,$9.70
11/28/2022,$9.85,24186890,$9.985,$10.1884,$9.83
11/25/2022,$10.02,12414210,$10.27,$10.28,$9.965
11/23/2022,$10.25,18478570,$10.24,$10.35,$10.0514
11/22/2022,$10.13,23082780,$10.39,$10.39,$9.98
11/21/2022,$10.31,32052730,$11.11,$11.11,$10.25
11/18/2022,$11.26,14755860,$11.58,$11.66,$11.085
11/17/2022,$11.46,18377410,$11.24,$11.49,$11.03
11/16/2022,$11.37,23032360,$12.30,$12.30,$11.32
11/15/2022,$12.36,21744990,$12.715,$12.82,$12.30
11/14/2022,$12.21,18403840,$12.88,$12.96,$12.1018
11/11/2022,$12.91,29191480,$12.13,$13.1785,$12.07
11/10/2022,$12.11,42963120,$12.01,$12.34,$11.37
11/09/2022,$11.21,52598510,$12.49,$12.53,$10.89
11/08/2022,$13.50,23031450,$13.91,$14.04,$13.07
11/07/2022,$13.85,16367960,$14.05,$14.20,$13.205
11/04/2022,$13.89,19218420,$14.04,$14.34,$13.30
11/03/2022,$13.64,10715250,$13.23,$14.075,$13.15
11/02/2022,$13.34,14289030,$13.67,$14.35,$13.315
11/01/2022,$13.62,14636460,$14.67,$14.84,$13.60
10/31/2022,$14.29,24662350,$14.16,$14.675,$14.045
10/28/2022,$14.23,12837100,$13.79,$14.30,$13.65
10/27/2022,$13.79,11174020,$14.05,$14.38,$13.68
10/26/2022,$13.91,15090410,$13.74,$14.52,$13.62
10/25/2022,$13.92,22487620,$12.90,$14.17,$12.90
10/24/2022,$12.80,14457680,$13.17,$13.175,$12.53
10/21/2022,$13.31,17222210,$12.46,$13.42,$12.28
10/20/2022,$12.60,17586540,$12.71,$13.10,$12.36
10/19/2022,$12.64,11700870,$12.845,$12.93,$12.45
10/18/2022,$13.01,16688540,$12.92,$13.16,$12.515
10/17/2022,$12.41,18897350,$12.35,$12.92,$12.3441
10/14/2022,$11.89,23536680,$13.18,$13.22,$11.87
10/13/2022,$13.01,20889250,$12.74,$13.24,$12.375
10/12/2022,$13.09,23191810,$13.25,$13.50,$12.61
10/11/2022,$12.65,22025110,$12.43,$13.2173,$12.20
10/10/2022,$12.48,20767800,$13.23,$13.26,$12.29
10/07/2022,$13.17,21772500,$14.061,$14.18,$13.12
10/06/2022,$14.41,13163680,$15.018,$15.30,$14.305
10/05/2022,$14.99,11615340,$14.961,$15.17,$14.51
10/04/2022,$15.40,22799940,$14.51,$15.68,$14.51
10/03/2022,$14.09,19230870,$14.00,$14.22,$13.52
09/30/2022,$13.97,12259270,$14.05,$14.44,$13.87
09/29/2022,$14.19,14281710,$14.98,$15.00,$13.99
09/28/2022,$15.22,15089800,$14.52,$15.32,$14.355
09/27/2022,$14.41,20173230,$14.81,$15.18,$14.15
09/26/2022,$14.06,11486250,$14.05,$14.65,$13.9515
09/23/2022,$14.03,18635850,$14.17,$14.25,$13.58
09/22/2022,$14.31,20375890,$15.45,$15.58,$14.12
09/21/2022,$15.56,16880000,$15.39,$16.16,$15.28
09/20/2022,$15.34,12585580,$15.82,$15.951,$15.23
09/19/2022,$15.94,18925120,$16.06,$16.41,$15.44
09/16/2022,$16.18,50642790,$16.13,$17.69,$16.08
09/15/2022,$16.49,19007530,$16.40,$17.33,$16.34
09/14/2022,$16.63,21932170,$16.02,$16.88,$15.975
09/13/2022,$16.10,21307210,$15.81,$16.68,$15.64
09/12/2022,$16.55,24276510,$15.45,$16.597,$15.31
09/09/2022,$15.08,18030650,$15.00,$15.42,$14.93
09/08/2022,$14.99,11854440,$14.46,$14.99,$14.385
09/07/2022,$14.70,17388180,$14.464,$14.75,$13.863
09/06/2022,$14.61,17263260,$15.04,$15.13,$14.58
09/02/2022,$15.16,13695290,$15.47,$15.63,$14.99
09/01/2022,$15.38,13605630,$15.21,$15.405,$14.79
08/31/2022,$15.34,13917190,$15.32,$15.5185,$14.96
08/30/2022,$15.15,27308580,$15.80,$15.85,$14.89
08/29/2022,$16.17,8469340,$16.09,$16.4499,$15.86
08/26/2022,$16.24,13160280,$17.10,$17.28,$16.21
08/25/2022,$16.98,10480880,$16.70,$17.23,$16.58
08/24/2022,$16.44,11934800,$16.25,$16.84,$15.955
08/23/2022,$15.98,11651130,$16.26,$16.44,$15.95
08/22/2022,$16.10,15375310,$16.775,$16.775,$16.03
08/19/2022,$16.75,26005810,$17.98,$17.99,$16.69
08/18/2022,$18.23,10206410,$18.58,$18.60,$18.01
08/17/2022,$18.46,11017310,$18.66,$18.79,$18.15
08/16/2022,$18.93,12998080,$18.62,$19.155,$18.18
08/15/2022,$18.76,10488250,$18.36,$19.08,$18.31
08/12/2022,$18.66,13906180,$18.25,$18.71,$17.829
08/11/2022,$18.09,19662450,$18.39,$18.92,$18.02
08/10/2022,$18.22,19041290,$18.07,$18.34,$17.51
08/09/2022,$17.46,23944600,$18.52,$18.53,$17.125
08/08/2022,$18.72,21703020,$18.18,$19.71,$18.075
08/05/2022,$18.05,16542600,$18.40,$18.60,$17.92
08/04/2022,$18.56,37355210,$18.04,$18.86,$18.00
08/03/2022,$20.56,29292230,$19.82,$20.62,$19.53
08/02/2022,$19.73,20507440,$18.22,$19.99,$17.82
08/01/2022,$18.53,15465760,$18.21,$18.69,$17.77
07/29/2022,$18.25,16504000,$18.00,$18.29,$17.88
07/28/2022,$18.24,16839430,$18.74,$19.0238,$17.775
07/27/2022,$18.43,15565970,$18.44,$18.595,$17.87
07/26/2022,$18.09,11087870,$18.48,$18.565,$17.89
07/25/2022,$18.74,11624210,$19.78,$19.90,$18.64
07/22/2022,$19.68,14026810,$21.45,$21.45,$19.54
07/21/2022,$21.48,15841820,$21.14,$21.78,$20.781
07/20/2022,$21.27,15250110,$20.36,$21.34,$20.36
07/19/2022,$20.38,11280280,$20.49,$20.55,$19.86
07/18/2022,$19.96,17273800,$20.07,$21.08,$19.86
07/15/2022,$19.68,13949470,$20.12,$20.29,$19.21
07/14/2022,$20.11,12948490,$19.44,$20.15,$18.96
07/13/2022,$19.51,12273150,$18.65,$19.7488,$18.55
07/12/2022,$19.33,12437530,$18.74,$19.46,$18.245
07/11/2022,$18.53,11690920,$19.92,$20.02,$18.50
07/08/2022,$19.99,24362130,$19.44,$20.61,$19.32
07/07/2022,$19.81,19510420,$18.29,$19.875,$18.06
07/06/2022,$18.22,21390600,$17.35,$18.51,$17.31
07/05/2022,$17.23,14896630,$16.78,$17.24,$16.35
07/01/2022,$17.00,14083070,$17.055,$17.52,$16.43
06/30/2022,$17.16,13188800,$17.24,$17.66,$16.545
06/29/2022,$17.30,10918330,$17.69,$17.93,$17.20
06/28/2022,$17.94,11483030,$18.25,$18.7577,$17.85
06/27/2022,$18.39,16882590,$19.01,$19.34,$17.94
06/24/2022,$19.21,50116980,$19.59,$19.87,$18.77
06/23/2022,$19.30,24147040,$18.11,$19.65,$17.99
06/22/2022,$18.03,14327530,$17.66,$18.58,$17.48
06/21/2022,$17.90,21750440,$17.16,$18.685,$17.15
06/17/2022,$16.63,24043980,$15.99,$16.81,$15.6107
06/16/2022,$15.55,19089820,$16.85,$17.00,$15.30
06/15/2022,$17.52,17671250,$16.30,$17.6599,$16.22
06/14/2022,$16.60,15723080,$16.50,$16.95,$15.80
06/13/2022,$16.31,18563850,$17.01,$17.19,$16.16
06/10/2022,$18.02,14394930,$18.52,$19.14,$18.00
06/09/2022,$18.88,16010800,$19.344,$19.66,$18.80
06/08/2022,$19.59,15619290,$19.01,$20.1098,$18.97
06/07/2022,$18.96,12597960,$18.92,$19.395,$18.64
06/06/2022,$19.15,15920900,$19.04,$19.98,$18.79
06/03/2022,$18.67,18144850,$19.24,$19.38,$18.3224
06/02/2022,$19.96,15615460,$19.31,$20.1509,$18.90
06/01/2022,$19.50,15746870,$20.30,$20.545,$19.263
05/31/2022,$20.18,24021280,$20.07,$20.725,$19.38
05/27/2022,$19.83,19140040,$19.23,$19.88,$19.13
05/26/2022,$18.89,25111660,$17.26,$19.30,$17.20
05/25/2022,$17.45,18661620,$17.045,$17.59,$16.76
05/24/2022,$17.10,18049770,$17.97,$18.30,$16.86
05/23/2022,$18.40,15852300,$18.31,$18.56,$17.70
05/20/2022,$18.39,28540940,$19.74,$19.80,$17.345
05/19/2022,$19.27,39616390,$17.748,$19.93,$17.46
05/18/2022,$17.36,22487250,$17.58,$18.4057,$17.065
05/17/2022,$17.85,18908000,$17.51,$18.39,$17.272
05/16/2022,$17.36,18649810,$18.03,$18.54,$17.24
05/13/2022,$18.01,38888140,$16.25,$18.33,$16.25
05/12/2022,$15.69,42817000,$13.57,$16.42,$13.25
05/11/2022,$13.86,44037630,$15.87,$15.96,$13.67
05/10/2022,$15.95,31561940,$17.27,$17.27,$15.35
05/09/2022,$16.35,40917310,$17.335,$17.445,$16.18
05/06/2022,$18.15,25371750,$18.56,$19.08,$17.435
05/05/2022,$18.85,22846530,$19.91,$19.92,$18.35
05/04/2022,$20.26,20505900,$19.325,$20.30,$18.71
05/03/2022,$19.60,16090800,$18.96,$19.68,$18.8101
05/02/2022,$19.06,19301450,$18.08,$19.10,$17.65
04/29/2022,$18.08,19048220,$18.88,$19.49,$18.02
04/28/2022,$18.89,25110340,$18.44,$19.05,$17.50
04/27/2022,$18.07,29054490,$18.68,$18.70,$17.99
04/26/2022,$17.64,39892440,$19.255,$19.34,$17.61
04/25/2022,$19.33,23859360,$18.965,$19.48,$18.76
04/22/2022,$19.11,22323920,$19.64,$20.01,$18.91
04/21/2022,$19.55,23924850,$21.32,$21.87,$19.4749
04/20/2022,$20.87,13957020,$21.205,$21.285,$20.61
04/19/2022,$21.41,18312660,$20.22,$21.445,$19.80
04/18/2022,$20.32,21821420,$20.98,$21.11,$19.86
04/14/2022,$21.01,18857980,$21.88,$22.08,$20.91
04/13/2022,$22.05,22126120,$21.33,$22.13,$20.83
04/12/2022,$21.29,21902600,$22.38,$22.69,$21.10
04/11/2022,$21.70,20100100,$21.625,$22.645,$21.0995
04/08/2022,$21.67,15131060,$22.06,$22.34,$21.55
04/07/2022,$22.32,21276980,$23.10,$23.22,$21.4593
04/06/2022,$22.99,19407070,$23.60,$23.60,$22.61
04/05/2022,$23.73,21146350,$25.21,$26.16,$23.65
04/04/2022,$25.21,17068220,$24.66,$25.43,$24.64
04/01/2022,$24.55,17174970,$25.39,$25.56,$24.26
03/31/2022,$25.40,17399100,$26.54,$26.5492,$25.25
03/30/2022,$26.50,21638420,$27.18,$28.135,$26.20
03/29/2022,$27.36,33667100,$25.56,$27.60,$25.46
03/28/2022,$25.38,18224240,$25.34,$25.9465,$24.64
03/25/2022,$25.16,17276700,$25.94,$26.06,$24.52
03/24/2022,$26.25,14925230,$26.01,$26.57,$25.03
03/23/2022,$25.90,20981250,$26.50,$26.81,$25.7119
03/22/2022,$26.65,30663430,$25.45,$27.25,$25.1212
03/21/2022,$25.39,17521320,$25.85,$26.20,$24.82
03/18/2022,$25.67,34740330,$24.94,$26.15,$24.65
03/17/2022,$24.65,21491170,$23.32,$24.93,$22.8512
03/16/2022,$23.62,28443710,$22.13,$23.895,$22.13
03/15/2022,$21.98,20404170,$21.50,$22.03,$20.49
03/14/2022,$21.55,21366220,$22.63,$23.25,$21.3138
03/11/2022,$22.92,18824700,$24.05,$24.23,$22.81
03/10/2022,$24.21,16508760,$24.91,$24.91,$23.51
03/09/2022,$25.26,18168840,$25.13,$25.5331,$24.75
03/08/2022,$24.24,33349550,$22.855,$25.71,$22.61
03/07/2022,$23.17,35110250,$22.94,$24.41,$22.90
03/04/2022,$22.63,33251940,$22.619,$23.73,$22.01
03/03/2022,$22.63,28893060,$24.49,$24.52,$22.41
03/02/2022,$24.58,24038200,$24.72,$24.77,$23.60
03/01/2022,$24.99,62757690,$24.485,$25.75,$23.38
02/28/2022,$28.98,51761780,$26.74,$29.0499,$26.17
02/25/2022,$26.35,28287180,$25.44,$27.00,$24.56
02/24/2022,$25.28,35062740,$22.012,$25.445,$21.77
02/23/2022,$23.97,27159590,$25.765,$26.19,$23.80
02/22/2022,$25.51,32634500,$25.765,$27.28,$24.94
02/18/2022,$26.59,28475080,$27.825,$28.2799,$25.785
02/17/2022,$28.11,24810580,$28.44,$30.12,$27.92
02/16/2022,$29.00,15842000,$28.335,$29.18,$27.86
02/15/2022,$28.87,22330270,$28.11,$28.89,$27.62
02/14/2022,$27.44,41217450,$25.812,$28.41,$25.68
02/11/2022,$25.84,28761830,$27.525,$28.20,$25.61
02/10/2022,$27.91,24458350,$27.65,$29.40,$27.44
02/09/2022,$28.83,21808580,$27.77,$28.94,$27.59
02/08/2022,$27.43,19193240,$26.80,$27.63,$25.89
02/07/2022,$26.97,22540040,$27.61,$28.33,$26.40
02/04/2022,$27.55,20394510,$26.98,$27.85,$26.21
02/03/2022,$26.95,30180370,$26.50,$28.59,$26.29
02/02/2022,$27.68,35301460,$29.225,$29.96,$27.40
02/01/2022,$29.96,38972250,$30.525,$30.85,$28.62
01/31/2022,$29.39,41743100,$28.115,$29.48,$27.42
01/28/2022,$27.15,66779510,$28.0579,$28.4299,$25.6327
01/27/2022,$28.70,67318160,$33.85,$33.91,$28.39
01/26/2022,$33.41,51058140,$36.29,$36.88,$32.99
01/25/2022,$35.46,27029070,$36.63,$37.55,$35.22
01/24/2022,$37.75,46145340,$36.14,$37.88,$34.12
01/21/2022,$37.75,38254050,$39.03,$39.98,$37.185
01/20/2022,$38.72,45831930,$41.51,$42.95,$38.69
01/19/2022,$40.03,36994620,$39.48,$42.44,$39.44
01/18/2022,$39.21,29645130,$40.68,$41.28,$39.00
01/14/2022,$42.22,33308390,$40.975,$43.3999,$40.95
01/13/2022,$41.41,36293050,$45.73,$46.29,$41.36
01/12/2022,$45.43,49592720,$45.74,$47.59,$44.03
01/11/2022,$45.47,60554230,$41.81,$45.48,$41.49
01/10/2022,$41.72,44353340,$40.63,$43.1699,$40.43
01/07/2022,$41.98,78419570,$37.505,$43.2899,$37.50
01/06/2022,$38.22,58375540,$36.45,$38.58,$33.76
01/05/2022,$36.68,43318800,$38.68,$39.06,$36.13
01/04/2022,$39.41,30476880,$40.75,$41.29,$38.38
01/03/2022,$40.93,45761800,$38.55,$41.76,$37.96
12/31/2021,$38.05,19561980,$38.24,$39.80,$37.85
12/30/2021,$38.75,36202930,$36.68,$39.50,$36.68
12/29/2021,$36.97,25374700,$36.725,$37.1598,$35.86
12/28/2021,$36.98,28441470,$37.78,$38.35,$36.75
12/27/2021,$38.64,48622890,$37.17,$39.1615,$35.53
12/23/2021,$37.64,27703360,$38.52,$38.69,$37.37
12/22/2021,$38.70,36620140,$37.91,$40.19,$37.70
12/21/2021,$38.02,38911540,$38.25,$39.33,$36.75
12/20/2021,$37.99,38903700,$38.03,$39.71,$36.92
12/17/2021,$40.01,126157600,$38.45,$40.45,$36.35
12/16/2021,$40.05,55588970,$41.09,$42.50,$39.51
12/15/2021,$40.81,59474710,$39.37,$41.69,$38.80
12/14/2021,$40.87,64374020,$37.96,$41.30,$37.16
12/13/2021,$39.15,82697470,$39.99,$40.29,$36.84
12/10/2021,$37.66,91804040,$38.00,$39.08,$35.80
12/09/2021,$36.52,120872600,$41.37,$42.74,$36.14
12/08/2021,$44.72,50135880,$42.60,$45.40,$41.34
12/07/2021,$43.88,57740790,$46.505,$47.25,$43.0198
12/06/2021,$44.86,103929800,$40.025,$45.75,$38.06
12/03/2021,$47.27,76441210,$48.55,$49.49,$44.57
12/02/2021,$48.41,77168490,$50.85,$51.84,$46.02
12/01/2021,$51.14,78869320,$54.08,$56.24,$50.95
11/30/2021,$52.98,92341590,$54.43,$56.70,$51.60
11/29/2021,$55.06,76731430,$52.03,$55.33,$50.71
11/26/2021,$51.72,36708010,$49.45,$52.37,$49.4131
11/24/2021,$52.57,61225300,$51.74,$53.50,$49.83
11/23/2021,$52.44,87998830,$51.675,$54.33,$49.52
11/22/2021,$51.12,130761800,$53.035,$57.44,$50.08
11/19/2021,$55.21,166718400,$47.16,$55.40,$47.15
11/18/2021,$47.05,131634800,$49.03,$49.67,$43.00
11/17/2021,$52.55,198386200,$56.20,$57.75,$50.31
11/16/2021,$55.52,248654600,$49.93,$55.68,$46.5086
11/15/2021,$44.88,77111000,$44.60,$46.14,$43.41
11/12/2021,$43.93,41015330,$44.00,$45.19,$42.74
11/11/2021,$44.98,69846270,$42.75,$45.75,$41.74
11/10/2021,$40.75,79342770,$42.30,$45.00,$39.3405
11/09/2021,$44.78,90177660,$47.48,$48.04,$42.15
11/08/2021,$45.92,154195400,$43.54,$47.87,$43.04
11/05/2021,$41.80,113881100,$37.50,$41.92,$36.17
11/04/2021,$37.12,40730350,$37.38,$37.70,$36.07
11/03/2021,$36.545,61133740,$34.23,$37.38,$34.23
11/02/2021,$35.13,75032520,$34.565,$35.39,$33.02
11/01/2021,$36.53,121435300,$39.995,$40.17,$35.73
10/29/2021,$36.99,221097400,$38.25,$41.60,$35.43
10/28/2021,$35.48,377220900,$28.54,$39.78,$28.08
10/27/2021,$27.02,52224560,$27.69,$28.94,$26.73
10/26/2021,$26.38,40979460,$26.85,$28.20,$26.05
10/25/2021,$26.85,53941830,$24.88,$27.40,$24.7021
10/22/2021,$24.11,16383980,$24.03,$24.19,$23.41
10/21/2021,$24.46,21810290,$24.30,$25.05,$24.04
10/20/2021,$24.24,15462940,$24.76,$25.27,$24.14
10/19/2021,$24.73,16034670,$25.41,$25.61,$24.48
10/18/2021,$25.34,26253610,$23.99,$25.66,$23.97
10/15/2021,$24.08,14891500,$23.84,$24.2199,$23.43
10/14/2021,$24.01,20756120,$22.51,$24.10,$22.50
10/13/2021,$22.59,20437420,$22.85,$23.02,$22.11
10/12/2021,$23.06,23871710,$23.14,$23.65,$22.66
10/11/2021,$22.87,21974460,$23.63,$23.64,$22.68
10/08/2021,$23.23,25071030,$24.32,$24.53,$23.0408
10/07/2021,$24.38,17543530,$24.55,$24.72,$24.04
10/06/2021,$24.29,19270710,$23.55,$24.55,$23.41
10/05/2021,$24.02,21742710,$24.18,$24.785,$23.86
10/04/2021,$24.14,28779610,$24.76,$25.03,$23.535
10/01/2021,$24.61,30696050,$25.51,$25.75,$24.21
09/30/2021,$25.38,46844020,$27.122,$27.14,$25.09
09/29/2021,$26.28,120691800,$26.45,$28.39,$26.01
09/28/2021,$24.54,38136570,$25.97,$26.41,$24.15
09/27/2021,$25.89,44696220,$25.86,$27.27,$25.7406
09/24/2021,$25.43,26633640,$25.26,$25.66,$24.3872
09/23/2021,$25.42,38764880,$25.57,$26.13,$24.62
09/22/2021,$24.95,87320510,$27.735,$28.21,$24.28
09/21/2021,$26.81,114795900,$24.78,$27.93,$24.57
09/20/2021,$24.07,68142970,$22.025,$24.22,$21.66
09/17/2021,$22.96,104115600,$22.42,$23.51,$21.9033
09/16/2021,$21.17,45927400,$20.845,$21.60,$20.36
09/15/2021,$19.91,32280700,$19.37,$20.16,$19.05
09/14/2021,$18.95,24118280,$19.19,$19.74,$18.70
09/13/2021,$20.06,15778410,$20.265,$20.59,$19.66
09/10/2021,$19.93,16229060,$20.183,$20.62,$19.90
09/09/2021,$19.85,21788590,$19.22,$20.06,$19.09
09/08/2021,$18.93,20956100,$19.93,$20.0259,$18.70
09/07/2021,$19.89,19835060,$19.80,$19.95,$19.01
09/03/2021,$19.56,25287800,$18.835,$19.76,$18.67
09/02/2021,$18.66,38521800,$18.44,$18.919,$18.00
09/01/2021,$17.79,149611900,$16.12,$18.44,$16.12
08/31/2021,$19.96,11454700,$20.28,$20.68,$19.92
08/30/2021,$20.63,14999200,$20.85,$20.88,$19.86
08/27/2021,$21.03,11926950,$21.45,$21.53,$20.90
08/26/2021,$21.48,9094854,$21.84,$22.07,$21.40
08/25/2021,$21.81,11667300,$22.25,$22.50,$21.77
08/24/2021,$22.83,10277870,$21.94,$22.97,$21.78
08/23/2021,$21.65,7098570,$22.01,$22.1095,$21.42
08/20/2021,$21.67,5277663,$21.751,$22.10,$21.60
08/19/2021,$21.71,6603914,$22.18,$22.61,$21.51
08/18/2021,$22.55,5873884,$22.93,$22.93,$22.1524
08/17/2021,$22.56,7076970,$22.24,$22.77,$22.13
08/16/2021,$22.83,7534740,$23.045,$23.32,$22.43
08/13/2021,$23.48,5877261,$23.71,$24.25,$23.42
08/12/2021,$23.85,7516851,$24.31,$24.50,$23.81
08/11/2021,$24.47,8009064,$24.97,$25.00,$24.02
08/10/2021,$24.46,11923640,$23.88,$25.24,$23.70
08/09/2021,$23.50,6489620,$23.40,$23.62,$23.03
08/06/2021,$23.38,7686486,$22.935,$23.91,$22.80
08/05/2021,$22.75,6573552,$22.92,$23.29,$22.70
08/04/2021,$22.63,7015099,$23.48,$23.49,$22.54
08/03/2021,$23.58,8579415,$23.93,$23.95,$22.955
08/02/2021,$23.77,7894394,$24.193,$24.24,$23.45
07/30/2021,$23.72,11144840,$22.948,$24.23,$22.94
07/29/2021,$23.35,10494590,$24.54,$24.6986,$23.25
07/28/2021,$24.08,12580430,$25.714,$26.20,$23.98
07/27/2021,$25.18,16184060,$27.49,$27.55,$25.11
07/26/2021,$26.83,31573180,$25.24,$29.03,$24.32
07/23/2021,$24.25,17905570,$24.02,$24.55,$22.5501
07/22/2021,$22.90,11069750,$23.33,$24.18,$22.30
07/21/2021,$23.43,12470210,$24.48,$24.9297,$22.66
07/20/2021,$24.28,12194520,$22.81,$24.74,$22.1501
07/19/2021,$22.20,10564430,$21.99,$22.6599,$20.90
07/16/2021,$22.79,8912891,$23.40,$23.85,$22.30
07/15/2021,$22.96,10345300,$24.00,$24.33,$22.56
07/14/2021,$23.79,12667130,$25.40,$25.70,$23.77
07/13/2021,$25.91,8561521,$26.53,$27.11,$25.77
07/12/2021,$26.85,12657430,$25.91,$27.40,$25.71
07/09/2021,$25.55,7230164,$25.34,$26.37,$25.24
07/08/2021,$24.96,9235841,$23.99,$25.55,$23.54
07/07/2021,$25.52,9286414,$26.52,$26.89,$24.762
07/06/2021,$26.38,9302762,$27.50,$28.00,$26.35
07/02/2021,$27.02,9188877,$28.12,$28.19,$26.68
07/01/2021,$27.72,18459210,$28.99,$29.81,$27.41
06/30/2021,$28.82,19647190,$26.20,$28.95,$25.68
06/29/2021,$26.32,8562814,$27.34,$27.40,$26.22
06/28/2021,$27.00,18705900,$26.23,$27.38,$26.0254
06/25/2021,$25.18,11453440,$25.70,$25.95,$25.01
06/24/2021,$24.85,14444570,$25.59,$26.28,$24.80
06/23/2021,$25.06,13373000,$23.79,$25.10,$23.32
06/22/2021,$23.42,5874113,$23.02,$23.60,$22.45
06/21/2021,$22.96,4965579,$23.70,$23.71,$22.75
06/18/2021,$23.40,4621324,$23.25,$23.83,$23.18
06/17/2021,$23.55,6905978,$23.44,$24.3543,$23.33
06/16/2021,$24.04,9957066,$22.19,$24.10,$22.05
06/15/2021,$22.61,11218590,$23.99,$24.03,$22.55
06/14/2021,$24.12,7687892,$25.16,$25.16,$24.01
06/11/2021,$25.14,7269018,$25.60,$25.60,$24.70
06/10/2021,$25.38,11300540,$26.47,$26.48,$24.56
06/09/2021,$26.49,13900240,$26.88,$27.40,$26.15
06/08/2021,$26.64,22753890,$27.30,$27.88,$24.70
06/07/2021,$26.50,23162370,$24.80,$26.54,$24.31
06/04/2021,$23.95,12911200,$24.07,$24.33,$23.38
06/03/2021,$22.96,18875700,$23.25,$24.59,$22.01
06/02/2021,$23.56,21110830,$22.05,$23.63,$21.635
06/01/2021,$21.56,22530410,$20.00,$22.41,$19.78
05/28/2021,$19.72,6933252,$19.55,$20.17,$19.50
05/27/2021,$19.88,7189046,$20.18,$20.19,$19.45
05/26/2021,$19.99,15699650,$20.25,$21.10,$19.711
05/25/2021,$20.28,15197360,$19.60,$20.58,$19.13
05/24/2021,$19.40,6796158,$20.15,$20.18,$19.33
05/21/2021,$19.81,6881539,$20.17,$20.37,$19.508
05/20/2021,$19.79,7769759,$19.17,$20.05,$19.15
05/19/2021,$18.97,6402767,$18.91,$19.05,$18.61
05/18/2021,$19.38,11575490,$18.69,$19.67,$18.52
05/17/2021,$18.31,6314430,$18.23,$18.71,$18.03
05/14/2021,$17.94,6623155,$17.76,$18.16,$17.51
05/13/2021,$17.25,13384670,$17.90,$18.86,$17.25
05/12/2021,$17.80,7991241,$18.25,$18.54,$17.75
05/11/2021,$18.60,14343010,$17.69,$18.90,$17.40
05/10/2021,$18.64,9802718,$19.54,$19.57,$18.63
05/07/2021,$19.28,14552670,$19.05,$19.72,$18.75
05/06/2021,$18.96,10453540,$19.18,$19.35,$18.58
05/05/2021,$19.18,4697422,$19.68,$20.22,$19.12
05/04/2021,$19.17,12509840,$19.59,$19.84,$18.95
05/03/2021,$19.91,13445670,$21.19,$21.19,$19.88
04/30/2021,$21.09,10569670,$21.35,$22.03,$21.09
04/29/2021,$22.07,11527080,$23.29,$23.39,$21.53
04/28/2021,$23.04,19167620,$22.55,$24.24,$22.10
04/27/2021,$22.74,18122280,$24.07,$24.33,$22.50
04/26/2021,$23.87,55779540,$20.67,$24.29,$20.41
04/23/2021,$20.55,13232790,$19.70,$20.73,$19.61
04/22/2021,$19.66,17422620,$20.20,$20.65,$18.90
04/21/2021,$19.89,22545170,$18.30,$19.89,$17.62
04/20/2021,$18.45,18227300,$19.52,$19.72,$18.31
04/19/2021,$19.54,19552360,$19.87,$20.33,$18.68
04/16/2021,$19.52,17044020,$20.07,$20.50,$19.25
04/15/2021,$20.12,25602180,$21.83,$22.10,$19.82
04/14/2021,$21.73,11900770,$22.02,$22.25,$21.54
04/13/2021,$22.09,16121590,$21.96,$22.72,$21.57
04/12/2021,$22.03,10594110,$22.93,$23.45,$21.77
04/09/2021,$22.97,7636388,$22.98,$23.34,$22.76
04/08/2021,$23.16,7922294,$23.06,$23.3699,$22.66
04/07/2021,$22.82,15341860,$24.11,$24.47,$22.70
04/06/2021,$24.46,19840000,$23.05,$24.96,$23.02
04/05/2021,$23.00,13238230,$24.55,$24.61,$23.00
04/01/2021,$23.78,12839760,$24.25,$24.47,$23.21
03/31/2021,$23.18,15298880,$24.06,$24.228,$22.78
03/30/2021,$23.51,18201220,$21.18,$23.65,$21.07
03/29/2021,$21.35,21663590,$22.88,$22.96,$21.35
03/26/2021,$23.02,18171670,$23.06,$23.92,$22.07
03/25/2021,$24.03,30779780,$21.71,$24.24,$21.02
03/24/2021,$22.56,24048720,$24.45,$24.48,$22.24
03/23/2021,$24.05,23012620,$26.15,$26.22,$23.75
03/22/2021,$26.15,16147160,$27.48,$27.63,$26.02
03/19/2021,$26.88,19575360,$26.62,$27.45,$25.79
03/18/2021,$26.90,22129310,$28.80,$29.42,$26.80
03/17/2021,$29.50,40917060,$29.69,$30.68,$28.15
03/16/2021,$31.10,67588710,$31.06,$32.9696,$29.20
03/15/2021,$28.69,23939760,$27.46,$28.80,$27.0302
03/12/2021,$26.77,20225420,$25.50,$27.99,$25.10
03/11/2021,$26.84,24459390,$25.79,$27.18,$25.31
03/10/2021,$24.70,32947440,$25.105,$27.26,$24.31
03/09/2021,$24.46,31214900,$23.26,$25.00,$22.80
03/08/2021,$22.09,29814500,$24.34,$25.18,$22.00
03/05/2021,$24.40,53893420,$24.52,$25.18,$20.40
03/04/2021,$24.34,62235620,$23.89,$25.54,$21.435
03/03/2021,$24.20,43884200,$27.65,$27.97,$23.93
03/02/2021,$27.77,35676740,$30.00,$30.39,$26.56
03/01/2021,$30.63,42153820,$32.49,$32.54,$29.83
02/26/2021,$30.75,68871050,$31.25,$32.52,$28.50
02/25/2021,$27.82,82266050,$29.71,$32.38,$26.71
02/24/2021,$28.70,142471900,$35.64,$35.72,$27.85
02/23/2021,$35.21,190447900,$35.02,$43.94,$30.00
02/22/2021,$57.37,88152910,$62.87,$63.20,$56.08
02/19/2021,$52.94,59997950,$60.09,$61.97,$50.32
02/18/2021,$58.05,76982740,$55.81,$64.86,$55.55
02/17/2021,$56.23,63907660,$54.67,$59.50,$50.30
02/16/2021,$52.70,96883350,$38.27,$55.00,$36.52
02/12/2021,$39.98,69175950,$35.04,$41.37,$33.51
02/11/2021,$31.50,26350020,$32.25,$33.16,$31.20
02/10/2021,$32.87,33355530,$32.00,$34.49,$30.00
02/09/2021,$33.31,28973290,$31.70,$33.69,$30.22
02/08/2021,$32.88,35684290,$34.17,$34.98,$30.30
02/05/2021,$34.65,66665350,$30.90,$36.00,$30.7001
02/04/2021,$30.22,45385200,$29.00,$31.45,$26.13
02/03/2021,$29.49,85281240,$32.35,$34.50,$27.575
02/02/2021,$32.14,100196700,$27.98,$35.18,$26.46
02/01/2021,$25.20,43231910,$23.64,$25.97,$22.73
01/29/2021,$22.88,34280360,$21.70,$24.35,$21.21
01/28/2021,$22.33,33334120,$21.34,$22.88,$20.01
01/27/2021,$21.15,44960820,$21.29,$23.33,$20.45
01/26/2021,$24.44,41562230,$24.37,$24.66,$22.37
01/25/2021,$24.95,117369700,$26.77,$27.30,$18.55
01/22/2021,$22.35,94164460,$18.49,$22.67,$18.00
01/21/2021,$17.81,23590470,$18.09,$18.25,$17.11
01/20/2021,$18.06,27627680,$18.35,$18.73,$17.80
01/19/2021,$17.90,68336360,$18.05,$18.69,$17.50
01/15/2021,$18.36,184854200,$17.81,$21.00,$16.20
01/14/2021,$17.36,140983000,$18.71,$20.14,$16.10
01/13/2021,$16.72,94091530,$15.10,$17.12,$14.50
01/12/2021,$14.15,112100500,$14.99,$15.63,$13.00
01/11/2021,$13.20,108167500,$10.05,$14.00,$10.03
01/08/2021,$10.03,738187,$10.05,$10.05,$10.02
01/07/2021,$10.03,1075509,$10.00,$10.04,$10.00
01/06/2021,$10.01,636614,$10.00,$10.02,$10.00
01/05/2021,$10.02,685686,$10.04,$10.04,$10.00
01/04/2021,$10.04,1172658,$10.03,$10.08,$10.02
12/31/2020,$10.01,1266224,$10.07,$10.07,$10.01
12/30/2020,$10.07,3152683,$10.04,$10.08,$10.02
12/29/2020,$10.06,1784646,$10.10,$10.11,$10.03
12/28/2020,$10.08,4067863,$10.11,$10.18,$10.04
12/24/2020,$10.04,2093012,$10.08,$10.10,$10.01
12/23/2020,$10.03,2353666,$10.03,$10.03,$9.995
12/22/2020,$10.00,755643,$10.03,$10.03,$9.97
12/21/2020,$9.97,532777,$9.98,$10.00,$9.96
12/18/2020,$9.96,869000,$9.98,$9.98,$9.95
12/17/2020,$9.97,1483598,$9.98,$10.00,$9.945
12/16/2020,$9.945,1191593,$9.95,$10.00,$9.94
12/15/2020,$9.97,1162373,$9.97,$10.03,$9.90
12/14/2020,$9.98,1982462,$9.96,$9.98,$9.94
12/11/2020,$9.94,899986,$9.96,$9.96,$9.91
12/10/2020,$9.91,7606766,$9.93,$9.93,$9.88
12/09/2020,$9.92,3394259,$9.89,$9.97,$9.84
12/08/2020,$9.86,2296411,$9.94,$9.98,$9.83
12/07/2020,$9.94,2085323,$9.88,$9.98,$9.87
12/04/2020,$9.88,405431,$9.88,$9.89,$9.86
12/03/2020,$9.87,513207,$9.88,$9.88,$9.86
12/02/2020,$9.87,1440953,$9.88,$9.885,$9.84
12/01/2020,$9.88,1394253,$9.87,$9.88,$9.82
11/30/2020,$9.88,1623718,$9.88,$9.90,$9.8261
11/27/2020,$9.83,416161,$9.80,$9.85,$9.77
11/25/2020,$9.76,1332376,$9.76,$9.7662,$9.70
11/24/2020,$9.76,57247,$9.78,$9.78,$9.70
11/23/2020,$9.75,134369,$9.79,$9.79,$9.71
11/20/2020,$9.71,995889,$9.71,$9.735,$9.69
11/19/2020,$9.72,44545,$9.75,$9.80,$9.70
11/18/2020,$9.74,301651,$9.74,$9.74,$9.67
11/17/2020,$9.71,46038,$9.72,$9.72,$9.69
11/16/2020,$9.70,151275,$9.70,$9.73,$9.685
11/13/2020,$9.69,754783,$9.74,$9.74,$9.69
11/12/2020,$9.70,1501959,$9.67,$9.72,$9.67
11/11/2020,$9.68,724462,$9.69,$9.7395,$9.66
11/10/2020,$9.70,714714,$9.66,$9.80,$9.66
11/09/2020,$9.67,163474,$9.70,$9.725,$9.66
11/06/2020,$9.72,1443973,$9.79,$9.79,$9.72
11/05/2020,$9.77,1534452,$9.76,$9.78,$9.73
11/04/2020,$9.69,509822,$9.70,$9.73,$9.68
11/03/2020,$9.69,189840,$9.63,$9.70,$9.62
11/02/2020,$9.63,716681,$9.63,$9.64,$9.60
10/30/2020,$9.63,1154338,$9.65,$9.69,$9.60
10/29/2020,$9.65,1652882,$9.66,$9.70,$9.62
10/28/2020,$9.65,1571479,$9.74,$9.74,$9.63
10/27/2020,$9.65,304143,$9.65,$9.70,$9.64
10/26/2020,$9.65,2394804,$9.65,$9.66,$9.64
10/23/2020,$9.63,2067850,$9.65,$9.70,$9.63
10/22/2020,$9.65,1441881,$9.66,$9.67,$9.63
10/21/2020,$9.66,292303,$9.73,$9.73,$9.65
10/20/2020,$9.67,78163,$9.71,$9.74,$9.67
10/19/2020,$9.68,348739,$9.71,$9.73,$9.6765
10/16/2020,$9.68,304983,$9.69,$9.705,$9.67
10/15/2020,$9.68,347983,$9.67,$9.72,$9.6501
10/14/2020,$9.68,2177911,$9.75,$9.7699,$9.68
10/13/2020,$9.70,1623875,$9.85,$9.85,$9.67
10/12/2020,$9.73,172260,$9.82,$9.82,$9.73
10/09/2020,$9.75,2401524,$9.76,$9.77,$9.7216
10/08/2020,$9.7166,550328,$9.70,$9.75,$9.70
10/07/2020,$9.71,1325422,$9.72,$9.75,$9.67
10/06/2020,$9.68,1902445,$9.74,$9.75,$9.67
10/05/2020,$9.71,3147963,$9.80,$9.80,$9.69
10/02/2020,$9.74,3925673,$9.73,$9.80,$9.73
10/01/2020,$9.7599,1068527,$9.85,$9.85,$9.74
09/30/2020,$9.78,546245,$9.85,$9.85,$9.77
09/29/2020,$9.78,189577,$9.88,$9.88,$9.76
09/28/2020,$9.83,72303,$9.90,$9.94,$9.83
09/25/2020,$9.81,692465,$9.77,$9.85,$9.77
09/24/2020,$9.77,605537,$9.85,$9.85,$9.75
09/23/2020,$9.85,192570,$9.90,$9.905,$9.7901
09/22/2020,$9.88,1280789,$9.96,$9.96,$9.85
09/21/2020,$9.86,762763,$9.90,$9.96,$9.86
09/18/2020,$9.89,564328,$10.25,$10.25,$9.82
